pop_label,network_code,N,seed,par_mean,peak_hour_mean,peak_hour_shift,mean_cost_norm,mean_price_advantage,total_flexibility,mean_adjustment,emd_vs_baseline
Habitual,100a,100,1,1.6545976903488955,17.125,-1.25,8.85108627381453,-1.1147168293700873,151.4168854249726,0.9101812480161701,0.9534725168866405
Habitual,100b,100,1,1.662224592241901,16.991666666666667,-1.5,8.840109457319427,-1.1043580684305403,149.80721536670583,0.935506659626589,0.9517136744508833
Habitual,100c,100,1,1.6686620666110303,17.125,-1.25,8.83719332392454,-1.1074433239245394,150.7168895728296,0.9114830549040528,1.0750173847881261
Progressive,100a,100,1,1.620917020139182,16.683333333333334,-1.5,8.508227266179334,-0.8234980995126686,271.4130446642194,1.7146903519645917,1.9886601376677573
Progressive,100b,100,1,1.6211905082889393,16.691666666666666,-3.0,8.500030168436984,-0.8290357239925404,271.8739242929499,1.659737328994332,1.8783944730271966
Progressive,100c,100,1,1.6311155242235718,16.633333333333333,-3.5,8.515853382299285,-0.8296325489659526,265.68591348228375,1.7753406923635584,1.9431601483721912
Tipping,100a,100,1,1.6707807012386986,17.016666666666666,-1.5,8.858874251697182,-1.1301048072527378,176.42371162014678,0.9545579019453886,0.9454700593163503
Tipping,100b,100,1,1.6639049176984035,17.45,-0.25,8.8541427416149,-1.1216607971704557,166.3266096305977,0.9563912568897928,1.0763562079351774
Tipping,100c,100,1,1.661422930608232,17.241666666666667,-1.5,8.860567886827111,-1.121373442382666,174.1522112693632,0.960675529049277,0.8743598643789421
Balanced,100a,100,1,1.636000546831051,16.791666666666668,-1.5,8.571781055488618,-0.8792852221552836,284.735038896693,1.673816775895642,1.6511360397937378
Balanced,100b,100,1,1.6224327915374757,16.808333333333334,-1.5,8.537628537833546,-0.8435424267224346,270.561782449364,1.7643574655511327,2.1537728632447
Balanced,100c,100,1,1.640698739618096,16.691666666666666,-1.25,8.573837650084503,-0.8845307056400595,285.64385108140806,1.6838729295806802,2.3236437891278023
Price-Maximalist,100a,100,1,1.6763802081354526,15.783333333333333,-4.25,8.13606337661437,-0.5513147655032592,492.0948785220539,2.7899504803658757,3.3599825559434913
Price-Maximalist,100b,100,1,1.6938161976464163,15.583333333333334,-4.0,8.130370825370992,-0.5426958253709908,474.11739399542824,2.858549454528681,3.274419930368134
Price-Maximalist,100c,100,1,1.6866393769346055,15.55,-4.5,8.108823680818375,-0.5175347919294868,468.9601431187908,2.738202047707247,3.268999522628866
Social-Maximalist,100a,100,1,1.6216869498085384,16.966666666666665,-0.75,8.69715622578572,-0.9852492813412767,215.1943652024772,1.3997127273479049,1.15208125414532
Social-Maximalist,100b,100,1,1.6477274774920974,16.958333333333332,-1.25,8.71811121276052,-1.003215379427187,207.17140452149388,1.4637099341766189,1.5743528579933965
Social-Maximalist,100c,100,1,1.6383344818661265,16.9,-0.5,8.690644679280785,-0.9750710681696751,209.22228114535636,1.4758743873849896,1.7662809671984523
Habitual,100a,100,2,1.6420903478972753,17.008333333333333,0.5,8.617731329311995,-1.0116104959786627,143.14094660114213,1.0077890823841746,0.9419941420389926
Habitual,100b,100,2,1.638154192834159,16.858333333333334,0.0,8.62052059580686,-1.0157942069179726,144.4694645666245,0.9840575037927389,0.9465986189663562
Habitual,100c,100,2,1.6523156478657661,17.016666666666666,-0.25,8.60900695549662,-1.0015652888299527,143.43599040898428,1.0380355511744919,0.9888777613221286
Progressive,100a,100,2,1.6258159200899067,16.591666666666665,-2.75,8.309315177235563,-0.762498510568897,289.1864624620714,1.7961159223483838,1.959592038791998
Progressive,100b,100,2,1.5971844025527937,16.6,-2.75,8.328519994937235,-0.7718227727150124,286.0097527570994,1.7440150613226968,2.17402342245679
Progressive,100c,100,2,1.6057741629440256,16.166666666666668,-2.0,8.303043712491387,-0.7538687124913879,286.771964656714,1.8024487157944074,1.9643131388848158
Tipping,100a,100,2,1.6423232739811042,17.083333333333332,0.25,8.605713496755186,-1.0087009967551868,154.81079667152997,1.041533300470341,1.063297461790668
Tipping,100b,100,2,1.6526321831362736,16.958333333333332,-0.25,8.637972548788257,-1.0353406043438118,157.6067163904162,1.032328859096743,0.9250195178205187
Tipping,100c,100,2,1.6281804001963072,17.1,-0.25,8.58565680238299,-0.9904165246052123,158.94217472034583,1.0615719670393913,1.214684188041231
Balanced,100a,100,2,1.6126707341469522,16.491666666666667,1.0,8.338464818916119,-0.7775509300272294,276.1192007870342,1.7647604810945001,2.16791875292797
Balanced,100b,100,2,1.6052640588352283,16.616666666666667,-0.25,8.345621864199343,-0.7834982530882317,270.0984244721583,1.7047666593647168,1.9145109035617027
Balanced,100c,100,2,1.6117277268679167,16.841666666666665,0.75,8.363169136630367,-0.7984080255192553,272.8863240472328,1.778912955541933,2.2481862985605465
Price-Maximalist,100a,100,2,1.6146330539324116,15.375,-4.5,7.957129850942962,-0.48168679538740705,498.2499250270883,2.6541559856729458,2.915680621289736
Price-Maximalist,100b,100,2,1.6507854423754575,15.633333333333333,-3.0,7.955249133032662,-0.4921949663659951,475.90886489320513,2.6360460305998963,2.673865890833138
Price-Maximalist,100c,100,2,1.6341298648189944,15.583333333333334,-3.5,7.93995282923748,-0.47881810701525845,482.56666471230784,2.8112071027679817,3.130080513451327
Social-Maximalist,100a,100,2,1.6336567272621485,16.866666666666667,-1.75,8.47959072267018,-0.8908851671146221,205.8733479798859,1.549337120448459,1.4891672157694875
Social-Maximalist,100b,100,2,1.6597027765109122,16.858333333333334,-1.5,8.552025880418324,-0.9477619915294355,196.21547924024347,1.4164031619813913,1.3512375942227366
Social-Maximalist,100c,100,2,1.6262247079222163,17.016666666666666,-1.25,8.49112360942042,-0.8976624983093097,196.20333254835953,1.5314766054031315,1.6129010351923923
Habitual,100a,100,3,1.5981920141917152,17.225,1.25,8.826706431452134,-1.0796772647854673,144.31073724127756,0.919939142285903,0.9887792028380238
Habitual,100b,100,3,1.6006049775187552,17.108333333333334,0.25,8.85241648715701,-1.1032789871570114,143.30662680674834,0.8577465496214427,0.8633807338846183
Habitual,100c,100,3,1.5947493226229321,17.308333333333334,1.25,8.868787490468929,-1.1145541571355957,142.37012402364175,0.8578320177541113,1.021057557322577
Progressive,100a,100,3,1.5470827861241052,16.425,1.25,8.469231686116448,-0.7754427972275579,263.21214585089893,1.7945368136861486,1.503299772409593
Progressive,100b,100,3,1.5443790884776118,16.608333333333334,0.75,8.475813648387282,-0.7826205928317279,266.25711432365983,1.6638900309232023,1.5997120045001254
Progressive,100c,100,3,1.546025816198437,16.491666666666667,-1.5,8.488836928994882,-0.7955535956615495,274.9881499059809,1.7050743596258462,1.5556486775269487
Tipping,100a,100,3,1.5984832111618552,17.158333333333335,0.25,8.82440823855145,-1.0832276829958938,146.09523643250026,0.9303320412441229,0.7390319382227182
Tipping,100b,100,3,1.5946667676017237,17.216666666666665,0.25,8.849731469436778,-1.1025203583256655,144.1573347862024,0.8977889654108836,0.7130779720312942
Tipping,100c,100,3,1.5953398401843006,17.191666666666666,0.25,8.825675670597175,-1.080517337263842,142.0498438047577,0.8867229530923424,0.8555172081705197
Balanced,100a,100,3,1.536925156438935,16.891666666666666,-0.25,8.523707957437901,-0.8224829574379009,254.39600557418126,1.5981388871878792,1.3219447785226541
Balanced,100b,100,3,1.549192328671121,16.891666666666666,0.5,8.483648626436661,-0.7857639042144392,243.6946220079077,1.6164188191533402,1.4759186289570452
Balanced,100c,100,3,1.5611728428344769,16.7,0.25,8.49477748003971,-0.7986191467063766,240.98323641971874,1.671583863576731,1.722930908210766
Price-Maximalist,100a,100,3,1.6028041836356446,15.558333333333334,-5.0,8.086753163156196,-0.4827934409339731,469.3941204328588,2.6780149719514923,2.7565295944112806
Price-Maximalist,100b,100,3,1.585420448361899,15.75,-3.75,8.090405179097393,-0.47242462354183895,442.3150754407764,2.702839048508813,2.8457572568956087
Price-Maximalist,100c,100,3,1.6053122362656715,15.45,-5.0,8.078167917437085,-0.47036375077041814,468.40448368624436,2.6777732105118406,2.8514184761271877
Social-Maximalist,100a,100,3,1.5749755840736648,17.066666666666666,-1.75,8.696601727598846,-0.9607128387099567,190.8481831307381,1.2737678109299873,1.2190898026175494
Social-Maximalist,100b,100,3,1.6172695025197206,17.15,-0.75,8.742675415667396,-1.0049740267785063,189.03188911518808,1.2312316774795762,1.396138916730156
Social-Maximalist,100c,100,3,1.5927286970965384,17.008333333333333,-1.0,8.735434353415013,-0.9968857423039034,193.18869246616222,1.3282823708656581,1.3139857029919007
Habitual,100a,100,4,1.638682637395592,17.258333333333333,-1.0,8.547388667442124,-1.0037539452199007,155.6731854237601,1.0793348814491537,1.308640080856524
Habitual,100b,100,4,1.6338302902494228,17.191666666666666,0.0,8.53064654698112,-0.9876729358700094,155.26623306561655,1.0937343933681731,1.1232423612976794
Habitual,100c,100,4,1.6217238235871312,17.15,-0.25,8.54187259808101,-0.9965989869699011,154.8999480003164,1.0247234904314362,1.3363822118349007
Progressive,100a,100,4,1.6229941571702666,16.616666666666667,-0.25,8.238433097407702,-0.7428164307410348,294.8334034990636,1.808740946452692,1.9788816723576692
Progressive,100b,100,4,1.6096064848350708,16.825,-1.0,8.241219293785436,-0.7482109604521018,289.6880905111332,1.821915118833485,2.1593508966666985
Progressive,100c,100,4,1.5956957597240387,16.758333333333333,-0.25,8.226620977336891,-0.7366209773368905,279.9756584948905,1.812376326987946,2.3035232014293547
Tipping,100a,100,4,1.63867975538085,17.05,-1.0,8.546208327313007,-0.9980027717574528,177.90398833220814,1.0787961137731297,0.9629263582316339
Tipping,100b,100,4,1.6393886494104575,17.108333333333334,-1.0,8.526768309930649,-0.9806294210417597,181.3783299395799,1.147961052684711,1.282212268751311
Tipping,100c,100,4,1.6502468065716391,17.033333333333335,-1.0,8.54691044794657,-1.0072910035021243,177.424813254681,1.1019472342038097,1.1282392819098483
Balanced,100a,100,4,1.5954003827838206,16.75,-3.25,8.312415778929756,-0.7987768900408667,267.90518605442395,1.660111391368941,2.0932568054398173
Balanced,100b,100,4,1.5882224246167536,16.875,-0.75,8.29330154141439,-0.7846418191921685,269.36073785352085,1.7081835436708515,2.034582766884987
Balanced,100c,100,4,1.5922132708866628,16.741666666666667,-0.25,8.291997157622509,-0.7850263242891745,278.8989048928587,1.653172721148987,1.9569522802994999
Price-Maximalist,100a,100,4,1.665125115024657,15.733333333333333,-4.0,7.904735321312212,-0.49562976575665624,495.3760275891987,2.796593857316197,3.1067412314312257
Price-Maximalist,100b,100,4,1.6803597976398013,15.591666666666667,-3.5,7.950559875965846,-0.5398126537436236,565.3263418486204,2.5495285013935636,2.915752186384968
Price-Maximalist,100c,100,4,1.6734251070409196,15.55,-4.5,7.9135767562456145,-0.5012475895789479,497.40617071259766,2.749867139773971,3.492553272072715
Social-Maximalist,100a,100,4,1.6067712341204008,16.95,-0.5,8.440294610193256,-0.9222682213043675,252.5531775033892,1.6129158914497805,1.6648681215953927
Social-Maximalist,100b,100,4,1.614097791406613,16.6,-3.75,8.40964023684645,-0.8922096812908937,249.09375360907697,1.578997898938904,1.874572864242091
Social-Maximalist,100c,100,4,1.5864934805139668,16.683333333333334,-2.25,8.431806360331377,-0.9178591381091553,251.11857183829605,1.5660931281299637,1.9044482794222515
Habitual,100a,100,5,1.627229524984454,17.05,-1.25,8.80782128019863,-1.0330185024208511,133.92006962755437,0.9603577765746693,1.5352767991351355
Habitual,100b,100,5,1.6208887462346513,17.041666666666668,-2.5,8.792590658091124,-1.0253614914244569,133.50211483881023,0.9740834359968253,1.4345791593210042
Habitual,100c,100,5,1.6247035770166924,17.1,-2.25,8.80551964302215,-1.0298515874665966,134.83496366389716,0.9249486612475812,1.3324560404517176
Progressive,100a,100,5,1.6171724781050356,16.383333333333333,-2.25,8.512082717714032,-0.7907257732695897,277.19684068457093,1.7072459185398257,1.8879624105233006
Progressive,100b,100,5,1.5955931653406268,16.366666666666667,-2.25,8.514510279461229,-0.7949394461278956,281.33936004199404,1.6867852806418733,1.8661038898786062
Progressive,100c,100,5,1.617020756216524,16.583333333333332,-1.0,8.49973534654776,-0.7695367354366509,283.2882209919173,1.6906771073290625,1.8165793150508707
Tipping,100a,100,5,1.62397426332358,17.016666666666666,-0.75,8.769215810847149,-1.0049755330693695,154.48005596878542,1.0063615690310117,1.6688199005435678
Tipping,100b,100,5,1.6324122291016585,17.091666666666665,0.0,8.796170574693422,-1.0281136302489773,150.92800455928287,0.988575645982681,1.0839650552325695
Tipping,100c,100,5,1.623734460696192,17.108333333333334,-0.25,8.779124819770917,-1.0095748197709178,149.70986511964486,0.9362295283425803,0.9991113852044846
Balanced,100a,100,5,1.6008372518127998,16.708333333333332,-2.25,8.542813837970234,-0.8164596713035667,254.76850785281107,1.647563443784786,2.023130023251391
Balanced,100b,100,5,1.597453304431577,16.575,-2.75,8.506226593721308,-0.7914418714990866,245.38234531206345,1.6581172627138197,2.1549496085414805
Balanced,100c,100,5,1.5991020533464129,16.725,0.5,8.508012383646992,-0.7821401614247724,229.5964692065311,1.6932353185510483,1.8747955033340762
Price-Maximalist,100a,100,5,1.5928399003698692,15.733333333333333,-3.25,8.07384578730468,-0.4354457873046812,491.6401754906931,2.58481863745335,2.8062828475467514
Price-Maximalist,100b,100,5,1.5800975711700795,15.683333333333334,-3.25,8.104462222119333,-0.4489427776748867,473.81221504920876,2.669590665898362,2.6708526903359164
Price-Maximalist,100c,100,5,1.5798202053760586,15.616666666666667,-3.0,8.07471819095947,-0.42532374651502425,497.8576779809678,2.688925180112626,2.817904921657927
Social-Maximalist,100a,100,5,1.5975994488302814,17.041666666666668,-1.0,8.64918416996584,-0.9001327810769488,224.3272000833691,1.4281556255748498,1.7536456988381615
Social-Maximalist,100b,100,5,1.6256656779565264,17.058333333333334,-0.5,8.695562727242242,-0.9384335605755736,219.4982337630153,1.4028240799107052,2.061606411878294
Social-Maximalist,100c,100,5,1.6086008254624462,16.9,-1.0,8.704250534384583,-0.94034081216236,213.80819718035247,1.417297359232927,2.0512399519820397
Habitual,100a,100,6,1.653733698968795,17.225,0.0,8.646423556595781,-1.0594957788180062,126.80071553945189,0.924826470647992,0.8583259931484375
Habitual,100b,100,6,1.6488824468751206,17.125,-1.25,8.642005616603564,-1.0571597832702302,127.8400440964116,0.9365113503159351,0.9755972206596455
Habitual,100c,100,6,1.646491353698451,17.15,0.0,8.643070435694472,-1.05956071347225,125.8910633769856,0.8866366597258027,0.9371149862003292
Progressive,100a,100,6,1.6084152231217574,16.583333333333332,-1.5,8.333533775615498,-0.7897615533932753,285.41892055520697,1.7122728384648358,1.3366552946154928
Progressive,100b,100,6,1.5934386407368317,16.691666666666666,-1.5,8.324082620487637,-0.7834978982654153,272.99936851642696,1.7177635465701915,1.7518228053157774
Progressive,100c,100,6,1.5954015869208316,16.658333333333335,-1.25,8.310973032809859,-0.7705494216987474,276.80907761072166,1.6948284378016383,1.621701418555573
Tipping,100a,100,6,1.6298214199775205,17.216666666666665,0.0,8.591223812421267,-1.0146988124212657,165.35722114835073,1.0201767198273521,0.9722739926118551
Tipping,100b,100,6,1.6124406736376693,17.0,0.0,8.610827588741449,-1.030174810963672,167.61890750043617,0.9885008213252792,1.3642304172846846
Tipping,100c,100,6,1.6144428067462997,16.941666666666666,0.0,8.595399881950316,-1.019481826394761,164.73305199913773,0.9457950741567785,0.9466962832192678
Balanced,100a,100,6,1.6006343953059667,16.866666666666667,-2.5,8.326142273037123,-0.7969783841482324,262.7761777057212,1.6616152622375815,1.641574828796491
Balanced,100b,100,6,1.598532878853319,16.575,-1.25,8.306238078413022,-0.7765880784130216,261.76672572315874,1.6774820635072816,2.599392281536522
Balanced,100c,100,6,1.6177631458131454,16.65,-2.5,8.381871870271178,-0.8433885369378461,255.28968579657536,1.5888639662196333,1.6376552788413967
Price-Maximalist,100a,100,6,1.603436516043856,15.75,-3.25,7.93506105871501,-0.5074096698261223,474.3504386785836,2.7860138830809316,2.760423812278448
Price-Maximalist,100b,100,6,1.645820197357018,15.691666666666666,-3.75,7.963581319878364,-0.5222118754339207,478.1150295272394,2.6213033899277773,2.560388761806663
Price-Maximalist,100c,100,6,1.6270183549444035,15.616666666666667,-2.5,7.939265122463794,-0.49605817801934915,462.88619424939577,2.7251349513532226,2.8207923969807305
Social-Maximalist,100a,100,6,1.6375247350923527,16.825,-2.5,8.539566842092382,-0.9862335087590489,222.91753827132507,1.4007645589652302,1.5606873469713813
Social-Maximalist,100b,100,6,1.6118308025845467,16.775,-1.0,8.47582656569652,-0.9246001768076331,211.77049593033863,1.4045604024106504,1.2718402853856283
Social-Maximalist,100c,100,6,1.6225891051822743,16.883333333333333,-2.5,8.49724501422131,-0.9476991808879761,210.89095205991939,1.3836517980851282,1.3472462123566546
Habitual,100a,100,7,1.6289367098357135,17.325,-1.25,8.908232010592512,-1.072173677259177,155.3242357720041,0.9323219218768561,1.2781049392395307
Habitual,100b,100,7,1.6358082668134208,17.225,-1.5,8.897095157926424,-1.0617201579264248,163.31482784667799,0.9851681205731512,1.460078347342833
Habitual,100c,100,7,1.6231251337254125,17.258333333333333,-1.5,8.910352340898305,-1.073517618676082,157.93159576340815,0.9652468449667764,1.1167257054965787
Progressive,100a,100,7,1.640349128838608,16.675,-1.75,8.658366572697368,-0.861736017141812,278.36755297115235,1.8379737804944,2.3730457556993567
Progressive,100b,100,7,1.6145884512467377,16.766666666666666,-1.5,8.634388038160639,-0.8616797048273046,287.58798403145533,1.7185474363090234,2.786289409640784
Progressive,100c,100,7,1.6201587336504455,16.716666666666665,-3.25,8.625584003956073,-0.8467770595116263,280.1192372076991,1.7486459739054907,2.4602957236327794
Tipping,100a,100,7,1.635363708689212,17.158333333333335,-1.0,8.894665166135685,-1.061260999469018,194.09394522640915,1.0827101708051636,1.299690059061754
Tipping,100b,100,7,1.6119620166142634,17.141666666666666,-1.25,8.87436735430268,-1.039892354302682,187.79913568839822,1.1184346130408127,1.65609142321014
Tipping,100c,100,7,1.6267472244414094,17.233333333333334,-0.5,8.893831595394134,-1.0602204842830214,186.0175757724346,1.1628336265953245,1.4738108816872288
Balanced,100a,100,7,1.6016293331948483,16.883333333333333,-1.25,8.648215531627654,-0.8453349760720985,263.4039565640783,1.6917122367428086,1.9885337013379707
Balanced,100b,100,7,1.6354712337519273,16.85,-0.75,8.682679244248119,-0.880272299803677,269.535768428652,1.6995446362866613,2.6018980611040505
Balanced,100c,100,7,1.6178378419437212,16.675,-1.0,8.667203258191211,-0.8787935359689876,263.0902540605234,1.7358276572487368,2.273569155152958
Price-Maximalist,100a,100,7,1.6372322941033517,15.525,-4.0,8.184924564845788,-0.4987467870680094,515.0613544289744,2.618052538618926,3.3880050527171415
Price-Maximalist,100b,100,7,1.6643983939346954,15.533333333333333,-4.75,8.188989597488955,-0.49509376415562156,479.50200514724213,2.862001919706031,3.490800412109657
Price-Maximalist,100c,100,7,1.672934965266534,15.625,-4.5,8.147276669460876,-0.4660863916830969,509.6814384718387,2.797945307557388,3.6522001871721805
Social-Maximalist,100a,100,7,1.6270369828448952,17.1,-0.75,8.738556634207148,-0.9313413564293681,250.44974117660826,1.5164722073404129,2.220117252029825
Social-Maximalist,100b,100,7,1.5944707025516636,16.975,0.25,8.747023127579231,-0.9367536831347859,249.30943962004125,1.4024859194973607,1.9116606255720363
Social-Maximalist,100c,100,7,1.5995037539714665,17.133333333333333,-0.25,8.735862633839673,-0.9211390227285641,242.417185821812,1.4951602849852748,1.8648833758535557
Habitual,100a,100,8,1.6507442367937908,16.75,0.0,8.573448107649986,-1.084382829872206,160.93156247902425,1.0187654694719397,0.9361493858404256
Habitual,100b,100,8,1.6428890765207895,16.733333333333334,-1.25,8.53496598205032,-1.0574895931614299,156.9712154687773,1.032021743949196,1.1457810838254008
Habitual,100c,100,8,1.629912969852248,16.591666666666665,-1.75,8.552750535455841,-1.0697213687891747,156.96509025119613,1.0175010383119083,1.5703873145825327
Progressive,100a,100,8,1.6132536255703607,16.183333333333334,-1.25,8.21844925420124,-0.7850145319790164,310.49663647635754,1.7620676281660392,2.1243221646133565
Progressive,100b,100,8,1.6052177001801569,16.258333333333333,-1.5,8.221595540026337,-0.7964802622485596,303.63691865484395,1.85057805289617,2.349264613435452
Progressive,100c,100,8,1.64028835836788,16.133333333333333,-1.25,8.23058966331563,-0.8089674410934079,301.62000459421563,1.885610257155523,2.4675426316394997
Tipping,100a,100,8,1.6477800242507834,16.883333333333333,-1.0,8.516370629865259,-1.0507150743097042,164.6080345012788,1.0983238931793509,0.8576508071925916
Tipping,100b,100,8,1.640911444779076,16.675,-1.25,8.505698091355258,-1.0304453135774796,167.8021756194556,1.1359915190500287,1.5677195236641008
Tipping,100c,100,8,1.6290681544352026,16.633333333333333,-1.0,8.496858734226418,-1.030750400893084,167.29523563963951,1.072984366997534,1.1054218519201338
Balanced,100a,100,8,1.6400000767029477,16.008333333333333,-1.25,8.276859433806282,-0.8436677671396146,279.2343520727984,1.7199029269799109,2.2225963992154236
Balanced,100b,100,8,1.6408722502994597,16.2,-0.5,8.290299496289629,-0.859867551845187,282.5935828851387,1.7124669450971999,2.204824561253229
Balanced,100c,100,8,1.6319052094696547,16.366666666666667,-0.25,8.260178503903806,-0.837742392792695,275.35372395335486,1.725565155671472,2.2639932910934353
Price-Maximalist,100a,100,8,1.7093048611876922,15.316666666666666,-3.0,7.805828320773817,-0.4815838763293742,495.0749186840412,2.781130512273637,3.456073810254092
Price-Maximalist,100b,100,8,1.6694237987981058,15.066666666666666,-3.5,7.760542758494216,-0.43341914738310383,534.981270046908,2.881397216014909,4.223254912586104
Price-Maximalist,100c,100,8,1.7038908324600792,15.191666666666666,-3.0,7.825550813768289,-0.4966480359905117,501.4209012224721,2.683574313059604,3.1576403821265666
Social-Maximalist,100a,100,8,1.6362328270369477,16.608333333333334,-1.25,8.388706858578313,-0.9168026919116465,224.27036420853042,1.5715725373162732,1.9149715435746395
Social-Maximalist,100b,100,8,1.623439387083852,16.233333333333334,-2.25,8.38234603698047,-0.9172015925360242,213.98540380439547,1.5331434891786424,2.291641736280855
Social-Maximalist,100c,100,8,1.6283838895590745,16.483333333333334,-2.25,8.380437025044264,-0.9141023028220413,225.86607348559602,1.4874618137969555,1.6768790863028513
Habitual,100a,100,9,1.626734643892064,17.091666666666665,-1.5,8.767227851382474,-1.1248611847158085,131.6157171135454,0.8687730050680514,0.8852730030214481
Habitual,100b,100,9,1.6382330157814484,17.216666666666665,-0.25,8.745446309793206,-1.104336587570984,130.6958472703735,0.8938750590927395,1.260020472270392
Habitual,100c,100,9,1.6277366312608028,17.341666666666665,0.0,8.729841703812228,-1.0870305927011168,128.95999200586724,0.860258701732414,1.1371223920625473
Progressive,100a,100,9,1.607967456755535,16.7,-4.0,8.400730972227223,-0.8157073611161105,264.35508136378786,1.7361454012838595,2.7345859900922806
Progressive,100b,100,9,1.608722916862923,16.733333333333334,-3.5,8.398363880886487,-0.812706936442043,252.48894086472896,1.8214493785601726,2.7735087391498996
Progressive,100c,100,9,1.6081050100726084,16.658333333333335,-4.0,8.41405509902197,-0.8217175990219704,257.7304913255473,1.7856975456602537,2.2434893528063324
Tipping,100a,100,9,1.6206934817615752,17.166666666666668,-1.25,8.711840459589276,-1.0784571262559424,153.13121708778166,0.9707354059636925,1.4114017499484917
Tipping,100b,100,9,1.650310652326452,17.366666666666667,-1.5,8.727110506043728,-1.0892855060437274,150.11554532340003,0.9916612226794108,1.2250460161230967
Tipping,100c,100,9,1.616050062291566,17.366666666666667,-1.5,8.692634566806403,-1.065758177917513,151.23999139082056,0.9395622538179264,1.2855297498549447
Balanced,100a,100,9,1.6071233799365034,16.808333333333334,-1.5,8.423672777878602,-0.8267380556563793,255.59732000097557,1.7507404470611383,2.1001940779821964
Balanced,100b,100,9,1.6044074004387168,16.708333333333332,-3.25,8.389606731364928,-0.8023039535871508,262.0816564025479,1.7399998797861786,2.195949855133325
Balanced,100c,100,9,1.6216247382770745,16.683333333333334,-2.75,8.412849484719727,-0.8174272624975053,250.84685776217904,1.7221835809706463,2.549414521558812
Price-Maximalist,100a,100,9,1.6841080047169783,15.6,-2.5,8.057573153516273,-0.5605912090718287,472.41880499472313,2.6837908514047517,3.4312894949212005
Price-Maximalist,100b,100,9,1.6739845716366966,15.65,-2.5,8.095560295609522,-0.5914255733872992,482.07860223154137,2.6598856466679606,4.302413897635658
Price-Maximalist,100c,100,9,1.6775158284652183,15.55,-2.5,8.069638755003288,-0.5747970883366204,492.29951184326274,2.6516950736378506,3.7438848138235206
Social-Maximalist,100a,100,9,1.630431786822629,17.1,-1.5,8.64066459971551,-1.013818766382178,201.9508595202473,1.446629087906305,1.8365390297557878
Social-Maximalist,100b,100,9,1.6292031188136482,17.241666666666667,-1.75,8.634423033204406,-1.0049980332044062,191.41884141754247,1.347237107670908,1.687999440605703
Social-Maximalist,100c,100,9,1.6327605640112437,17.2,-1.75,8.63732228854599,-1.0090681218793225,197.59188778066905,1.423425486005724,2.278143387533471
Habitual,100a,100,10,1.6093564162288103,17.0,-2.25,8.684633935700544,-1.0248978245894351,158.7924997489509,1.0390416867545318,1.0705642820364194
Habitual,100b,100,10,1.6367469462608886,16.991666666666667,-2.25,8.707059235212784,-1.034395346323893,159.37184900463123,0.974403514729383,0.9551354573843228
Habitual,100c,100,10,1.609154547261756,17.125,-2.25,8.677824307584718,-1.0223479186958289,161.49787010540146,1.023860048320693,1.069920906535201
Progressive,100a,100,10,1.6054770534231706,16.3,-2.5,8.432056305256713,-0.7882063052567152,305.36201028929986,1.7329792125488452,1.9507379575914396
Progressive,100b,100,10,1.6121266368093117,16.4,-4.75,8.453631890487568,-0.808011057154234,298.86274879410513,1.6542919938309972,2.0630178057663784
Progressive,100c,100,10,1.590912732660278,16.275,-3.25,8.422721987191029,-0.778426153857695,296.02230854876893,1.7192604756781038,2.085223944564387
Tipping,100a,100,10,1.6467208432953018,16.925,-2.75,8.69603761345058,-1.0172626134505793,184.0493936306896,1.17675287137775,1.284644075362254
Tipping,100b,100,10,1.629906972569766,17.133333333333333,-2.5,8.683749523131887,-1.01108285646522,182.54332884246108,1.0612742358478073,1.1015042317089245
Tipping,100c,100,10,1.6196801162025853,17.083333333333332,-2.5,8.702067003747205,-1.0209086704138706,186.5735730391598,1.0484713943094526,1.2582178783878786
Balanced,100a,100,10,1.601071890525902,16.375,-2.5,8.41554868894896,-0.7938598000600698,283.97490680766504,1.7057776425303868,2.3538474931869744
Balanced,100b,100,10,1.5996466123846482,16.283333333333335,-4.25,8.404217835365612,-0.7863789464767226,288.34553097499526,1.67720185241523,1.8380376909604872
Balanced,100c,100,10,1.5851860988678361,16.325,-2.0,8.401928968971303,-0.782995635637969,296.52947907673206,1.7165735363630967,2.3030607142328723
Price-Maximalist,100a,100,10,1.6267591329844835,15.558333333333334,-4.5,8.008331325557192,-0.4558549366683026,512.2681065329363,2.699708154785119,3.283238921080536
Price-Maximalist,100b,100,10,1.642632614186931,15.725,-4.25,8.028033681041402,-0.4851809032636239,506.85119949944993,2.5442774834564013,3.3879845514907885
Price-Maximalist,100c,100,10,1.6535494641410267,15.55,-5.0,8.026121055750034,-0.47270022241669957,505.80180575193145,2.6685720546921488,3.593689733041994
Social-Maximalist,100a,100,10,1.6147278808389414,16.875,-0.5,8.600372361838994,-0.9338737507278837,242.4904578253672,1.5334196281270258,1.8567515397196344
Social-Maximalist,100b,100,10,1.6059446202484229,17.016666666666666,-0.75,8.609949730655485,-0.947912230655486,234.91590007190106,1.3835003037342595,1.6187432617602937
Social-Maximalist,100c,100,10,1.6120623651784234,16.966666666666665,-1.75,8.614707119308546,-0.9514182304196575,232.93141132309088,1.503657467733696,1.4394440385415355
Habitual,250a,250,1,1.5998810451260999,17.133333333333333,-1.0,8.750098037851965,-1.0551563711852978,362.1734181956385,0.9688246787488685,1.0571494487359283
Habitual,250b,250,1,1.5872633716130784,17.116666666666667,-1.0,8.753535875382875,-1.0547400420495427,355.6678887418028,0.9725177093134453,1.0336164658720162
Habitual,250c,250,1,1.595457758850403,17.075,-1.0,8.76140093815309,-1.06482593815309,361.4917532196507,0.9924492297107438,1.1036825007000306
Progressive,250a,250,1,1.5503585358494731,16.475,-3.0,8.434170919649537,-0.7872820307606491,707.3896689201671,1.766318597101479,1.8429345120340255
Progressive,250b,250,1,1.554709556694981,16.725,-3.0,8.435847517469545,-0.7880961285806563,712.610704062577,1.7579374124067262,1.8293010699115702
Progressive,250c,250,1,1.5499646537317255,16.808333333333334,-1.25,8.433934790692224,-0.7866542351366678,724.0697914382724,1.6959911930396232,1.639825341677808
Tipping,250a,250,1,1.583743897757949,17.008333333333333,-1.0,8.748378553240721,-1.0502257754629445,398.1687138349638,1.0285349692162806,1.2829216218100732
Tipping,250b,250,1,1.591111291181876,17.183333333333334,-1.0,8.759279157847976,-1.055341657847976,406.9763506656734,0.999052270252997,1.2603944357116905
Tipping,250c,250,1,1.588066287132188,17.158333333333335,-1.0,8.750172636895162,-1.0567129146729386,399.8118976541336,1.025425563867818,1.2758008256188393
Balanced,250a,250,1,1.5543595739726144,16.641666666666666,-3.5,8.474497426692661,-0.8228640933593288,672.6043268529044,1.7130615184200924,2.0714467280742865
Balanced,250b,250,1,1.5562079024330409,16.833333333333332,-1.75,8.483087623821435,-0.8317584571547667,691.9998432362373,1.664374745264238,2.0149391439429434
Balanced,250c,250,1,1.5620966393075477,16.75,-2.0,8.471451977595246,-0.8192061442619136,685.7275694268798,1.6435092981536077,1.9744431482346623
Price-Maximalist,250a,250,1,1.6085872663560865,15.716666666666667,-3.25,8.109269778036419,-0.5424114447030869,1212.5895912138765,2.748003940316077,3.3969079792906385
Price-Maximalist,250b,250,1,1.6180744982366042,15.6,-3.5,8.089672864745435,-0.528511753634323,1206.9808617739732,2.7346769040365198,3.5462719460815366
Price-Maximalist,250c,250,1,1.591051780761355,15.716666666666667,-3.75,8.088555665454964,-0.5236112210105185,1210.442987539515,2.732797183555131,3.2295444161313718
Social-Maximalist,250a,250,1,1.5617721289345128,16.966666666666665,-0.75,8.663990368805875,-0.9724028688058725,549.8599160062054,1.4005732186913653,1.5233422457709198
Social-Maximalist,250b,250,1,1.5808736323451265,16.8,-0.75,8.667893680000482,-0.9782117355560395,559.7761259195722,1.358782079675668,1.381246025765345
Social-Maximalist,250c,250,1,1.5674269575620692,16.966666666666665,-0.75,8.652912507959398,-0.9659888968482874,554.2227072147917,1.4090299925196714,1.7527524168658228
Habitual,250a,250,2,1.584714375809373,17.325,0.5,8.741587513483985,-1.072802791261764,357.6329843084894,0.9877750996106526,0.9464612671729185
Habitual,250b,250,2,1.5908844969252993,17.316666666666666,0.25,8.734207906600245,-1.0677634621558008,354.5346582655013,0.9759018914038533,0.9024428888853961
Habitual,250c,250,2,1.5874845815872909,17.341666666666665,0.5,8.75282483319566,-1.0842387220845495,357.689691079265,0.9896572907041413,0.9516409196390385
Progressive,250a,250,2,1.556247148695234,16.508333333333333,-1.75,8.409112618494895,-0.8045459518282275,728.0208667535713,1.8105371647708781,1.8492976360853466
Progressive,250b,250,2,1.5591259395757013,16.591666666666665,-1.75,8.424864218716618,-0.8144586631610627,724.7809181578382,1.7639276586865802,1.9588069377509523
Progressive,250c,250,2,1.5733372756775235,16.641666666666666,-1.75,8.430661541827392,-0.8177226529385018,728.6687102824773,1.7868471478869172,1.8925756110478065
Tipping,250a,250,2,1.5996989457079398,17.025,-0.5,8.74169663279668,-1.0728244105744595,403.430408302249,1.0477840490271628,0.9670943414886388
Tipping,250b,250,2,1.5931039530574282,17.1,-0.25,8.733370250867644,-1.0685841397565343,410.9877497863496,1.0500154562057014,0.9479885946681021
Tipping,250c,250,2,1.590323672123557,17.241666666666667,-0.25,8.729384199538316,-1.068786977316095,408.26230623792355,1.0579611566835139,1.0779461108295485
Balanced,250a,250,2,1.5578348351958118,16.55,-1.0,8.456141661984615,-0.8380444397623928,702.7732703081733,1.7250691720278095,2.128097776348904
Balanced,250b,250,2,1.5661219656944028,16.675,-1.0,8.477596929310517,-0.8540566515327402,708.9469647539668,1.743363749355217,2.1617693056908545
Balanced,250c,250,2,1.5690870487397925,16.6,-1.5,8.46528933332752,-0.8409809999941891,698.3915603040406,1.7516194531853808,2.4190853532807073
Price-Maximalist,250a,250,2,1.634337644407162,15.591666666666667,-5.5,8.023651829916863,-0.5130671076946404,1234.5829092402955,2.762763796422091,3.1390932753843233
Price-Maximalist,250b,250,2,1.633983014885282,15.55,-5.5,8.02954983365331,-0.514910944764421,1236.7569390880162,2.81945828802987,3.1305501090903425
Price-Maximalist,250c,250,2,1.6319674791972005,15.508333333333333,-5.25,8.022544937927757,-0.5144324379277576,1257.8743174504764,2.706390232137609,2.8120404452910694
Social-Maximalist,250a,250,2,1.5904608024498461,17.1,-1.25,8.615552471513086,-0.971352471513084,564.069080539437,1.476534520807649,1.4757501134486462
Social-Maximalist,250b,250,2,1.591158111257582,17.016666666666666,-1.75,8.61439330821649,-0.9738669193276018,568.2918013775687,1.4827718270443175,1.4896547003116165
Social-Maximalist,250c,250,2,1.5846659149363937,17.05,-1.25,8.592414033276194,-0.9519612554984173,561.7540261904695,1.5369460663405545,1.5880280555070931
Habitual,250a,250,3,1.5649597616635595,17.016666666666666,-0.75,8.80282408144759,-1.0620726925587016,375.9945284852916,1.0188578704228117,1.11111208145494
Habitual,250b,250,3,1.5668326278685203,17.141666666666666,-0.75,8.802619294820184,-1.063058183709076,373.19678258342606,1.006942766256068,1.3606884312295837
Habitual,250c,250,3,1.553600088195832,16.9,-0.75,8.789942055242793,-1.0553045552427935,374.9379205892638,1.0100405848163638,1.2573462600966279
Progressive,250a,250,3,1.527036071977253,16.416666666666668,-1.75,8.452795541441713,-0.7663010969972678,668.0468886971834,1.8294299291477787,2.072725489419265
Progressive,250b,250,3,1.5277141514324704,16.483333333333334,-2.0,8.454478875859625,-0.7718233203040675,686.0558238654497,1.7813539476482132,1.979467020432436
Progressive,250c,250,3,1.5271025033247132,16.516666666666666,-1.0,8.4492660552804,-0.7644979997248453,678.4888635066138,1.7506494580555108,2.3524847404387117
Tipping,250a,250,3,1.5588390931740412,17.066666666666666,0.25,8.79625631687991,-1.059263261324354,410.7547494815192,1.0287546704308577,1.388080429131925
Tipping,250b,250,3,1.5552318061737356,17.125,-0.25,8.795379998187725,-1.0583397204099496,414.7269897727131,1.03569790264643,1.2456012113031805
Tipping,250c,250,3,1.5578823523758296,17.0,0.25,8.808404941881015,-1.0674007752143493,412.6067523379291,1.0445580948833615,1.4681310520929194
Balanced,250a,250,3,1.5226749479810318,16.591666666666665,0.25,8.494196598007983,-0.7968840980079831,659.6837800820501,1.7632707929512184,1.9185202838229107
Balanced,250b,250,3,1.5108025447502478,16.625,-0.25,8.505450780562287,-0.808198002784509,690.344781818024,1.7607410271669637,2.0903129454950937
Balanced,250c,250,3,1.5252976928815294,16.475,0.25,8.492341767020815,-0.7902667670208144,647.1991077350646,1.831396971801099,2.1676772479741366
Price-Maximalist,250a,250,3,1.5740347172267752,15.658333333333333,-3.0,8.087241975704488,-0.48722253126004333,1227.3882003919566,2.7360442268894345,3.3155037647297387
Price-Maximalist,250b,250,3,1.5768531074997445,15.808333333333334,-2.25,8.103606348937815,-0.5049632933822595,1229.4794393804407,2.7469381556643153,2.9193094087363605
Price-Maximalist,250c,250,3,1.5826066700231345,15.783333333333333,-2.0,8.092905730110777,-0.4915626745552231,1191.959761522928,2.8416544134021495,3.435974650230399
Social-Maximalist,250a,250,3,1.5409732203644042,17.008333333333333,0.25,8.69434568738694,-0.9657026318313863,546.7806140493235,1.4084483653678361,1.343399669217031
Social-Maximalist,250b,250,3,1.5467133194240055,16.916666666666668,1.25,8.673183136200315,-0.9555248028669794,545.1922404962773,1.4021158846553738,1.3058514905393452
Social-Maximalist,250c,250,3,1.5496414123471343,16.975,0.0,8.694656637721412,-0.9677260821658561,542.149005276086,1.401934163237805,1.4323735281596435
Habitual,250a,250,4,1.567918224203978,17.333333333333332,-1.5,8.586892294155264,-1.0147950719330405,397.71379343832194,1.028087560892084,1.0640804124999197
Habitual,250b,250,4,1.5734574584372507,17.258333333333333,-1.0,8.60605619410285,-1.0322978607695175,399.02974818293563,1.0134600232024877,1.1497214763873513
Habitual,250c,250,4,1.5780676869112746,17.35,-1.5,8.5985172084499,-1.0285449862276783,395.4743308975823,0.9811944669373621,0.9028116143778355
Progressive,250a,250,4,1.5206707654240612,16.6,-1.0,8.28964425221743,-0.7695761966618732,723.0327664513136,1.7835720277572822,2.1375053577189536
Progressive,250b,250,4,1.5315419881170584,16.641666666666666,-0.5,8.288417514956986,-0.7736008482903204,734.2836696671432,1.7244148118036238,1.879064668663692
Progressive,250c,250,4,1.5285406801146926,16.641666666666666,-1.0,8.27447455313975,-0.75511344202864,702.2359337880803,1.8027080150090649,1.9838933778796477
Tipping,250a,250,4,1.5727118262864281,17.233333333333334,0.0,8.584818723472672,-1.0194659456948958,402.67427738169533,1.0154184052652706,1.0493227073091282
Tipping,250b,250,4,1.5739077774979227,17.308333333333334,-1.25,8.591243620912227,-1.0246797320233396,409.9919924580636,0.9935485466168238,1.0033299799834248
Tipping,250c,250,4,1.5771507702338745,17.183333333333334,-1.25,8.593298375366528,-1.0227525420331942,405.12743839394545,1.035250568520517,1.1465584603076562
Balanced,250a,250,4,1.5220720074225969,16.733333333333334,-1.25,8.324905817574273,-0.8040224842409386,698.6683113511809,1.7199425925145397,2.0608829536486244
Balanced,250b,250,4,1.5366773080859863,16.45,-1.25,8.304450227387635,-0.7848752273876344,695.5029663964589,1.8248604863628208,2.179041030639615
Balanced,250c,250,4,1.5432480418422423,16.791666666666668,-1.5,8.32130670536062,-0.7982344831383981,706.9534215109338,1.7589287964427391,2.1469770359392593
Price-Maximalist,250a,250,4,1.600013325302211,15.441666666666666,-3.75,7.910910306831431,-0.48813391794254357,1272.4233139096073,2.7344628469148873,3.2421760453816875
Price-Maximalist,250b,250,4,1.604500009630441,15.5,-2.75,7.9116535736068325,-0.4903632958290556,1255.5525631975688,2.685161991180204,3.0874347362987957
Price-Maximalist,250c,250,4,1.5884500069292242,15.516666666666667,-4.25,7.939816093536496,-0.5132077602031626,1262.7583324149443,2.6877294462976504,3.107255034938997
Social-Maximalist,250a,250,4,1.5580035175923064,17.008333333333333,-1.25,8.496238525834977,-0.9375565813905332,549.4242368817232,1.4846649366690299,1.6585959569642026
Social-Maximalist,250b,250,4,1.5510913542539746,17.008333333333333,-1.25,8.495224306982642,-0.9366645847604207,554.150729240063,1.4431323185197775,1.3474098518772673
Social-Maximalist,250c,250,4,1.5488400848636446,16.958333333333332,-1.25,8.487114836452351,-0.934849558674572,557.0103052787891,1.4498745014777752,1.4638790953628922
Habitual,250a,250,5,1.5786326176454837,17.025,-1.0,8.735619070154968,-1.0393412923771919,359.1566325452325,1.0534003644807237,1.0790209835857405
Habitual,250b,250,5,1.5746797871039913,17.066666666666666,-0.75,8.739667174432803,-1.04421995221058,360.37489874017797,1.060308045787839,1.297146404283816
Habitual,250c,250,5,1.570836327329655,17.066666666666666,-0.75,8.742692929022024,-1.0474873734664685,356.84989598426597,1.0483132646130384,1.1464007581669557
Progressive,250a,250,5,1.543689949127942,16.433333333333334,-2.25,8.419898550124001,-0.7778207723462252,715.7140767635469,1.703167250500786,1.9543904204365559
Progressive,250b,250,5,1.540721937258912,16.341666666666665,-0.75,8.412666426709107,-0.7699344822646631,727.3766715581339,1.7459820403969926,2.1343580992407762
Progressive,250c,250,5,1.5215884244123776,16.45,-0.25,8.37062232146305,-0.7344473214630507,783.3199000880992,1.779920324817849,1.8235537976802607
Tipping,250a,250,5,1.5828096244049865,16.941666666666666,0.75,8.756375678504279,-1.0568437340598367,402.1292470925382,1.068104883524884,1.258214021076236
Tipping,250b,250,5,1.5746724068995055,17.008333333333333,-0.25,8.732847548772884,-1.03438921543955,403.20455120650723,1.062540069188313,1.0858996286300096
Tipping,250c,250,5,1.5891234088942354,17.016666666666666,-0.25,8.759492806924538,-1.0640080847023152,399.8714167692833,1.0538648589159407,0.8367026457647257
Balanced,250a,250,5,1.5552509984632001,16.558333333333334,-1.0,8.491376820510618,-0.8421587649550645,660.120635364444,1.7180383331331297,1.8941759792677466
Balanced,250b,250,5,1.5589522668676339,16.475,-1.5,8.485332350282237,-0.8412142947266819,692.6659380437751,1.7161685205397221,2.113030853475184
Balanced,250c,250,5,1.5639725108895983,16.591666666666665,-1.0,8.487718387079745,-0.8404947759686343,680.0472813140616,1.659114521717096,1.7557685609249927
Price-Maximalist,250a,250,5,1.5946281626861298,15.583333333333334,-4.0,8.053762498790425,-0.4970472210126487,1238.0751570794748,2.635587845999385,3.024065283309116
Price-Maximalist,250b,250,5,1.5943340403245148,15.641666666666667,-4.0,8.03910550519378,-0.4850263385271128,1251.3065547016265,2.649903621780416,2.8322768844328987
Price-Maximalist,250c,250,5,1.5840137815248794,15.541666666666666,-4.0,8.026953717972315,-0.4670787179723171,1238.9146211248049,2.8016249646153057,3.1829933810138815
Social-Maximalist,250a,250,5,1.5566308393962665,16.983333333333334,-0.5,8.653929829085035,-0.9703312179739243,549.6452266953617,1.390748081501848,1.3909070337187837
Social-Maximalist,250b,250,5,1.5651084623009892,17.208333333333332,-0.25,8.65591010091544,-0.9719101009154412,544.7650449698477,1.3504745702783736,1.4931005785750782
Social-Maximalist,250c,250,5,1.5642800087132065,16.975,-0.5,8.657534925246683,-0.9691335363577932,537.8853625395844,1.4609808127021833,1.5797969239132295
Habitual,250a,250,6,1.559362296542326,17.2,-0.25,8.683572657726666,-1.013402702171111,376.38980274536823,1.0287953315148204,0.9394046048208382
Habitual,250b,250,6,1.555690427604525,17.1,0.0,8.686093346094566,-1.0139377905390108,381.63234269946247,1.0015316329200175,0.9732031058309902
Habitual,250c,250,6,1.571715217774563,17.125,-1.5,8.7020041003621,-1.0264882614732103,383.0469332827812,1.0050895266920326,1.0840993154787988
Progressive,250a,250,6,1.5314800323378674,16.525,-3.0,8.400480199827438,-0.7652635331607717,717.3674439249319,1.7543378313283953,1.8889506822982702
Progressive,250b,250,6,1.5335498392161162,16.6,-3.0,8.393183964127774,-0.7582431696833276,701.3607957837656,1.8350608458762763,1.746345134300869
Progressive,250c,250,6,1.542750699487566,16.7,-3.0,8.40797373097444,-0.7735306754188851,715.1872515632779,1.7492931816809334,1.7265730994277795
Tipping,250a,250,6,1.5814193380913433,17.1,0.0,8.727147520763452,-1.0430044652078982,407.6196000251118,1.08201648081538,1.0107679073554214
Tipping,250b,250,6,1.5861733908220061,17.225,-0.75,8.726162218655585,-1.0465050908778075,409.9641349936682,1.0839080349869608,0.873169557534419
Tipping,250c,250,6,1.5643452605991022,17.183333333333334,-1.5,8.703654185760508,-1.020076013538284,409.6140897939882,1.0559522620174508,1.0142434605462638
Balanced,250a,250,6,1.5362440268657338,16.625,-2.25,8.454303399721303,-0.810461733054636,673.6170243546528,1.7217231271871214,1.7515012585127931
Balanced,250b,250,6,1.5353248653456661,16.733333333333334,-2.5,8.462918386632628,-0.8205531088548491,698.6514220042122,1.7140070879616183,2.0575299446898816
Balanced,250c,250,6,1.545386413301235,16.708333333333332,-2.5,8.44937572590577,-0.8039729481279927,678.9371248060714,1.7188737166938772,1.733432910598136
Price-Maximalist,250a,250,6,1.5726155735935101,15.725,-3.0,8.015272810056825,-0.4752547545012705,1246.8497125365939,2.5669175508233533,2.870623016888497
Price-Maximalist,250b,250,6,1.5859754871915335,15.733333333333333,-3.75,8.029686490637658,-0.4793239906376591,1208.3599349568883,2.6345545583679657,3.0423771530566524
Price-Maximalist,250c,250,6,1.5970956742539697,15.683333333333334,-3.75,8.038307457314641,-0.492368568425752,1222.9794777815212,2.730151162240809,3.0236064649339087
Social-Maximalist,250a,250,6,1.5722247177828137,17.1,-1.0,8.607631537947357,-0.9528787601695793,552.4806015296311,1.4656514605238318,1.7264307560656846
Social-Maximalist,250b,250,6,1.5693711991005308,17.075,-1.25,8.623196461380294,-0.9626742391580733,558.6654880606204,1.4241335472751215,1.5797608728711767
Social-Maximalist,250c,250,6,1.5675291199462678,16.95,-1.75,8.621064424663114,-0.9594824802186707,554.6050081640518,1.4839907527860827,1.8568226368441099
Habitual,250a,250,7,1.570709999797967,17.066666666666666,-1.25,8.753420763836003,-1.049358263836003,382.35886843871594,1.0767186450728046,1.5296869531349437
Habitual,250b,250,7,1.5828881766781344,17.016666666666666,-1.25,8.761995185103826,-1.0581354628816058,378.0478345793135,1.0633276779087824,1.555176261075385
Habitual,250c,250,7,1.5749721323255568,17.1,-1.0,8.747478073872275,-1.0431489072056073,381.03420254870963,1.0714188099053186,1.357892276080414
Progressive,250a,250,7,1.56329406090998,16.575,-1.25,8.471511647318925,-0.8158533139855924,745.9430405762614,1.780451645704747,2.009924521034006
Progressive,250b,250,7,1.5614538092414054,16.616666666666667,-1.25,8.463509977651778,-0.8053196998740018,732.0494042157977,1.7356552058526404,1.77033585557921
Progressive,250c,250,7,1.5610719212561421,16.7,-2.0,8.457726777964565,-0.8017976112978994,742.8290990394227,1.7817636213195693,1.8916712207915662
Tipping,250a,250,7,1.5815537837597518,17.266666666666666,-1.25,8.774948998001003,-1.0682351091121132,412.50353125588316,1.0727184187195875,1.217665181690299
Tipping,250b,250,7,1.5864752790504182,17.266666666666666,-1.75,8.786709705149296,-1.0853735940381846,408.4671746507934,1.0784589528421538,1.3923305255543275
Tipping,250c,250,7,1.569566331601823,17.35,-1.75,8.76940407094895,-1.0611846265045046,404.65291942147184,1.0572342279061686,1.3892851742425552
Balanced,250a,250,7,1.5514143211926952,16.75,-1.25,8.49359808723562,-0.8344355872356213,693.5928145196463,1.7305808123739028,1.9236839908762877
Balanced,250b,250,7,1.558515565809079,16.833333333333332,-1.5,8.496315047157012,-0.8349456027125673,679.8978965750779,1.7894646723104002,2.1104285510373697
Balanced,250c,250,7,1.5461962859487486,16.616666666666667,-1.5,8.497921891959814,-0.8356691141820378,688.5654653655549,1.7427239089073971,1.8430035715947102
Price-Maximalist,250a,250,7,1.6006481887518194,15.5,-3.5,8.017087498436442,-0.4739499984364429,1341.5723645969451,2.867062993888835,3.40569705400481
Price-Maximalist,250b,250,7,1.6037284245613663,15.641666666666667,-2.25,8.072176268640055,-0.511879046417832,1196.4050850595218,2.6365889657477948,3.139175840478187
Price-Maximalist,250c,250,7,1.5958074274730571,15.466666666666667,-3.5,8.020279546249265,-0.4754948240270434,1347.505410075163,2.88274423492425,3.724359046826129
Social-Maximalist,250a,250,7,1.5959114105305496,16.933333333333334,-1.75,8.678375481465139,-0.986869925909582,545.5442016036825,1.4629699836100762,1.7007165316060187
Social-Maximalist,250b,250,7,1.5908576872834346,16.958333333333332,-1.25,8.670225503254896,-0.9741630032548971,535.5092467230484,1.538077969652789,1.7477841061546662
Social-Maximalist,250c,250,7,1.5869339751897542,16.966666666666665,-1.75,8.655715866650796,-0.9705158666507963,530.427422963511,1.5307872255368675,1.4782851140862812
Habitual,250a,250,8,1.5789697501023676,17.333333333333332,-0.75,8.726966266037758,-1.071928766037759,379.701360696453,1.0267538980392659,1.1779404172822587
Habitual,250b,250,8,1.5770986843143835,17.158333333333335,0.0,8.723069370472219,-1.0661999260277744,378.93596220841044,1.0515464035920457,1.2412904038190011
Habitual,250c,250,8,1.5880890795755722,17.125,-0.75,8.728252361534503,-1.0663023615345029,377.56347039356393,1.0547554702417463,1.4531935848453417
Progressive,250a,250,8,1.550972594052156,16.583333333333332,-1.25,8.401829866528468,-0.789047922084023,729.5880648668707,1.8721066094637395,2.0862435602207636
Progressive,250b,250,8,1.5543928287090956,16.591666666666665,-2.5,8.407657868538019,-0.8023662018713527,734.1142778875007,1.9171643771970182,2.190441204908383
Progressive,250c,250,8,1.5528301093678392,16.466666666666665,-1.25,8.401308192975419,-0.7916568040865299,741.9940574916418,1.8163636210646616,2.0148321343166624
Tipping,250a,250,8,1.590438796341919,17.075,-1.0,8.723445014590872,-1.0646589034797609,429.00413279954864,1.0893308224656233,1.3572562338916008
Tipping,250b,250,8,1.597476042916528,17.191666666666666,0.0,8.720017471514979,-1.0643883048483123,432.8252139321638,1.0980170677488728,1.1941455123818003
Tipping,250c,250,8,1.5884163560880509,17.091666666666665,-1.5,8.716432063047803,-1.0627626186033607,434.7011650356727,1.1003610517697477,1.0974950661262537
Balanced,250a,250,8,1.556197431858118,16.633333333333333,-1.25,8.450437092176523,-0.8400551477320789,695.6993088566757,1.7630353320414724,1.9947750040927037
Balanced,250b,250,8,1.580756774318744,16.65,-1.5,8.449627515205568,-0.8361150152055689,706.8745503272926,1.7946198916529241,1.832446730969561
Balanced,250c,250,8,1.5646149057573453,16.575,-1.5,8.47261943029999,-0.855654152522212,707.0590841747088,1.7232528577680544,1.820632663524438
Price-Maximalist,250a,250,8,1.5882650481830778,15.725,-2.5,8.0215540651277,-0.5059207317943699,1233.1879947616565,2.757170545179989,3.4190802321774374
Price-Maximalist,250b,250,8,1.595882302815285,15.65,-3.0,8.015191038490089,-0.505609094045645,1277.2489225477705,2.719730427105177,3.407238597380519
Price-Maximalist,250c,250,8,1.599258047932438,15.716666666666667,-3.25,8.002089522525578,-0.4881409114144689,1267.5139371011326,2.649943854924654,3.155822816612441
Social-Maximalist,250a,250,8,1.5663142837527044,17.15,0.0,8.605829837813411,-0.9691340044800777,574.4985636854678,1.4802441464494902,1.7241488736961972
Social-Maximalist,250b,250,8,1.5842848402000698,17.025,-1.25,8.618932381625047,-0.9772393260694907,578.0811452708208,1.495224810038725,1.8605738239755332
Social-Maximalist,250c,250,8,1.5646540667440203,16.758333333333333,-1.0,8.586749517317632,-0.9544300728731868,580.2757032789822,1.51697411444847,1.5990779994091475
Habitual,250a,250,9,1.5758436495966512,17.175,0.0,8.659448798080058,-1.0331529647467261,376.7633941279464,1.0921467640991445,1.382849924353203
Habitual,250b,250,9,1.559009668496349,17.216666666666665,0.0,8.66220243963514,-1.0309927174129174,375.8010129251117,1.088863627135954,1.548326161801688
Habitual,250c,250,9,1.5698302865775882,17.275,0.0,8.671724326301334,-1.0428159929680008,378.6314229621484,1.0675093869762,1.496359150844945
Progressive,250a,250,9,1.54034473605253,16.658333333333335,-2.0,8.389227303415272,-0.795049525637493,694.6722544387958,1.7876403573830255,1.9397555452327908
Progressive,250b,250,9,1.5459779730852312,16.616666666666667,-2.75,8.396756402468776,-0.8048272358021092,702.6425693752514,1.8039319000376461,2.0621772423272544
Progressive,250c,250,9,1.536154241679607,16.591666666666665,-2.75,8.377113069396604,-0.7837144582854927,694.907831995203,1.7994357643799759,1.7820489407215576
Tipping,250a,250,9,1.5853609440435734,17.191666666666666,-1.5,8.695457104532553,-1.066469604532554,390.14141343252834,1.0578197066633948,1.2673984745626208
Tipping,250b,250,9,1.5859436692499398,17.291666666666668,0.0,8.712601793793384,-1.0822156826822733,392.0799913671526,1.046801379867738,1.2188165986112147
Tipping,250c,250,9,1.5854902664512471,17.141666666666666,-1.5,8.68997277651942,-1.0645852765194204,390.12920263879045,1.0607284987910643,1.0955296927506133
Balanced,250a,250,9,1.5245862945021216,16.783333333333335,-2.0,8.428392429030165,-0.8332604845857206,671.5564251850449,1.7033380759669008,1.9361928012414271
Balanced,250b,250,9,1.5391047503131863,16.841666666666665,-1.0,8.423978860186557,-0.8299163601865575,662.0216562222969,1.7740636245042998,1.8841393061204632
Balanced,250c,250,9,1.5362299229679752,16.916666666666668,-1.0,8.419114087080805,-0.8203904759696943,664.1688062224854,1.7769129015759668,1.9944953597670108
Price-Maximalist,250a,250,9,1.5995524060862758,15.666666666666666,-4.0,8.007329880976055,-0.5132826587538336,1202.788577187271,2.711374932962382,3.7385704530349257
Price-Maximalist,250b,250,9,1.6076684314711491,15.683333333333334,-4.75,8.006992896181949,-0.5152206739597263,1208.5241764586533,2.715564991088637,3.481074941398167
Price-Maximalist,250c,250,9,1.6110983426500831,15.725,-3.75,8.031373831017177,-0.5320766087949551,1193.1687038624334,2.7048130640410872,3.368670319978444
Social-Maximalist,250a,250,9,1.542896809583912,17.058333333333334,-1.0,8.586807539358368,-0.9645950393583683,526.1010140334006,1.4793598867613094,1.9931477347595012
Social-Maximalist,250b,250,9,1.5539996574609851,16.991666666666667,-2.0,8.569033844187986,-0.9534852330768736,536.1444847426271,1.4461660288456797,1.8218146341237982
Social-Maximalist,250c,250,9,1.5363871328447558,16.916666666666668,-1.75,8.567635320110089,-0.951572820110087,527.8627576550236,1.4893091085424863,2.1234957227666698
Habitual,250a,250,10,1.5666474408392033,17.241666666666667,1.25,8.768508881304365,-1.0429658257488092,384.00418268274296,1.0160119621867676,0.9959394462062036
Habitual,250b,250,10,1.5605943402954268,17.125,-0.25,8.747535622992867,-1.024250900770643,382.08381594497774,1.0372377899798888,1.0376539282968806
Habitual,250c,250,10,1.5574772585802918,17.125,-0.25,8.753062846142123,-1.0281031239199023,385.3796433611696,1.0477399816956028,1.1489189960464914
Progressive,250a,250,10,1.5374552584156531,16.433333333333334,-3.0,8.430816717550767,-0.7660639397729906,709.0974565728777,1.8168828225496105,2.052979243518477
Progressive,250b,250,10,1.5234873629119963,16.516666666666666,-3.0,8.423192637483039,-0.7610301374830385,718.0683992060682,1.729049226753686,2.3510893755555333
Progressive,250c,250,10,1.5315329958923949,16.458333333333332,-2.25,8.441839985365469,-0.7731316520321355,731.349373188684,1.7632002156657538,1.9095215771737184
Tipping,250a,250,10,1.5628027247763847,17.208333333333332,-1.5,8.742753579001576,-1.0261466345571315,443.05545475880865,1.0861828325774943,1.44013104756494
Tipping,250b,250,10,1.5708955161751972,17.025,-1.75,8.743068334679517,-1.0221822235684048,442.2501317746533,1.079138235697677,1.3707855011983165
Tipping,250c,250,10,1.5631621310403028,17.125,-1.25,8.752309766495314,-1.0302042109397591,432.2882224290216,1.1060892812657162,1.2368618753682998
Balanced,250a,250,10,1.5472166712882738,16.575,-3.5,8.48237514727871,-0.8019237583898206,717.5369683253109,1.7218895926966016,2.084021537000879
Balanced,250b,250,10,1.5413391137851609,16.616666666666667,-1.75,8.480798318491852,-0.8077677629362955,723.8212558473648,1.7640010373834947,2.0795438576167053
Balanced,250c,250,10,1.5269677445064214,16.683333333333334,-2.25,8.479385690346604,-0.8084481903466025,724.8656468667908,1.755277745590285,1.9135031417352417
Price-Maximalist,250a,250,10,1.6014215075818738,15.808333333333334,-4.0,8.129759483280779,-0.5296150388363343,1279.3057749412555,2.637022895611458,3.1217561605833617
Price-Maximalist,250b,250,10,1.6008109757286,15.725,-4.0,8.114340688336222,-0.5152559661139994,1251.7661725942414,2.750900274776676,3.142343387972858
Price-Maximalist,250c,250,10,1.5799052493723513,15.65,-4.25,8.094536962217333,-0.49921057332844365,1377.0870445739654,2.990356611727754,3.538989913549846
Social-Maximalist,250a,250,10,1.5473875198020448,17.025,0.0,8.64511686437072,-0.9455126977040534,584.927150389858,1.4648824988191367,1.687701998922963
Social-Maximalist,250b,250,10,1.5454432470606247,16.908333333333335,-0.5,8.613751775374453,-0.9177726087077873,587.741433493844,1.4467783401057468,1.9530333812544356
Social-Maximalist,250c,250,10,1.55673436987297,16.983333333333334,0.25,8.643617478351933,-0.9415369227963793,583.5289353966959,1.4999488706368607,1.941353690406606
Habitual,500a,500,1,1.5523273995784097,17.133333333333333,-1.25,8.757052824877457,-1.0481014359885672,783.3572705542942,1.03726009950745,1.0794779014647427
Habitual,500b,500,1,1.5606012648851193,17.133333333333333,-0.25,8.762850374342845,-1.0523281521206227,789.7504679857387,1.0434832885123393,1.1062150643510067
Habitual,500c,500,1,1.5668085990728455,17.225,-0.5,8.763677220839524,-1.0524299986173018,790.0994225983247,1.0375610980645378,1.078427661112006
Progressive,500a,500,1,1.524948605200477,16.683333333333334,-0.75,8.45029119482468,-0.7874328614913474,1403.1925362019672,1.8303743718389296,1.8698360729594623
Progressive,500b,500,1,1.525850196588202,16.566666666666666,-3.25,8.455673805840233,-0.7926890836180095,1441.7808916007393,1.7583254551602823,1.969284228961865
Progressive,500c,500,1,1.5161323758276712,16.641666666666666,-1.5,8.456005501587736,-0.7909207793655153,1465.1149558183122,1.6993355041873852,1.7835071378996536
Tipping,500a,500,1,1.5583359311277414,17.141666666666666,-0.25,8.773495697489384,-1.064591530822718,841.4423411474094,1.041724809981391,1.1102314741860635
Tipping,500b,500,1,1.556744455995965,17.1,-1.25,8.770136611332914,-1.0611213335551375,841.6411636977502,1.037516308852469,1.191995979704497
Tipping,500c,500,1,1.5572809562240397,17.241666666666667,-0.75,8.767357845548426,-1.0574078455484273,847.9017257794469,1.0360288373934272,1.1711575422992548
Balanced,500a,500,1,1.5312654341383587,16.733333333333334,-2.75,8.516096901470679,-0.8461316236929028,1393.0840918077656,1.712844509297841,2.01827000184201
Balanced,500b,500,1,1.5271686887294365,16.8,-1.75,8.509744912246001,-0.8460796344682217,1388.158334743324,1.702977042917609,1.929012339266602
Balanced,500c,500,1,1.5237136725508005,16.85,-2.5,8.517038009251797,-0.8464880092517969,1388.3297827438464,1.6848699287882458,2.074724689971342
Price-Maximalist,500a,500,1,1.5742946774807034,15.675,-3.0,8.071770581682062,-0.5064622483487295,2466.80138957819,2.6441481875069486,2.97912044967503
Price-Maximalist,500b,500,1,1.5698769217802706,15.616666666666667,-3.5,8.079318335044967,-0.5087183350449674,2518.813105416243,2.647056447327883,2.9269320334760316
Price-Maximalist,500c,500,1,1.5706159566437041,15.608333333333333,-3.0,8.084310403178115,-0.5080854031781152,2455.9741488028853,2.740583035802419,3.0254963219963855
Social-Maximalist,500a,500,1,1.5459171757050123,17.1,-1.5,8.668468834564813,-0.9735049456759239,1145.793217499191,1.4445200318741784,1.7228283734878804
Social-Maximalist,500b,500,1,1.55246921104372,17.058333333333334,-1.0,8.669097635999425,-0.9707768026660919,1134.9897955613858,1.4319679563953462,1.5382684523267485
Social-Maximalist,500c,500,1,1.552331947365829,16.975,-1.0,8.677285179406123,-0.9816365682950117,1122.2386220025692,1.4722038316269972,1.8951804179770013
Habitual,500a,500,2,1.5515566751788896,17.116666666666667,-0.75,8.74868240730383,-1.0611490739704967,724.9520587114182,1.0097008281180462,1.1172757941134077
Habitual,500b,500,2,1.5484568610344271,17.208333333333332,-0.5,8.755523733002176,-1.0669959552243986,720.5635327038716,1.0110597677230984,1.095748451956028
Habitual,500c,500,2,1.5534524411386115,17.191666666666666,0.5,8.767514785098145,-1.076800896209258,720.5648563348385,1.0094274130463974,1.257379651731855
Progressive,500a,500,2,1.51904717076292,16.616666666666667,-1.0,8.431115840947381,-0.7946297298362691,1456.709723677874,1.742187379230683,2.0939424986744024
Progressive,500b,500,2,1.5247484214315068,16.741666666666667,-1.0,8.424262285423197,-0.7929345076454198,1429.8152829942633,1.814277410938743,2.2429570901162674
Progressive,500c,500,2,1.5215584290175541,16.791666666666668,-0.75,8.425066168212975,-0.7913397793240858,1434.522503785002,1.8126548960602598,2.2378778662276364
Tipping,500a,500,2,1.5405599526164893,17.108333333333334,-1.0,8.738568001339681,-1.0516707791174604,802.09119684746,1.0378332280220137,1.4297692597047282
Tipping,500b,500,2,1.5479309179654834,17.191666666666666,-0.5,8.746908658348577,-1.061483658348577,807.0871539319737,1.0453714992719174,1.3769117536485869
Tipping,500c,500,2,1.5459799133845957,17.183333333333334,0.5,8.747114883106546,-1.061066271995436,802.0074080371327,1.035893064952864,1.265187652359777
Balanced,500a,500,2,1.515742659652308,16.783333333333335,-1.75,8.458383389996486,-0.8163208899964872,1364.553712406478,1.801194851535788,2.036320989117087
Balanced,500b,500,2,1.5196951765402165,16.916666666666668,-1.0,8.455490443258098,-0.8202821099247657,1397.5985171475893,1.768367045290257,1.9959403341281385
Balanced,500c,500,2,1.5100965192643758,16.783333333333335,-1.0,8.454646204797944,-0.8182142603534985,1419.4295310045884,1.7002964796294877,1.9391001370746475
Price-Maximalist,500a,500,2,1.5889872886175158,15.741666666666667,-3.25,8.03988321466859,-0.5048971035574791,2485.9217507201297,2.65232084693912,3.108856514291304
Price-Maximalist,500b,500,2,1.595503583459031,15.641666666666667,-4.5,8.049869278930167,-0.5112401122635004,2431.2498608641067,2.7507597724257633,3.2097819707799027
Price-Maximalist,500c,500,2,1.591066113873734,15.583333333333334,-4.0,8.049087134248238,-0.5108274120260148,2428.853865112475,2.757051663459942,3.244440354728246
Social-Maximalist,500a,500,2,1.5612872392908606,16.983333333333334,-1.0,8.64621004564429,-0.9759100456442903,1128.2077646055939,1.5055020924746987,1.6686488624978366
Social-Maximalist,500b,500,2,1.5493067032054286,17.05,-1.0,8.644460310470805,-0.975461699359694,1118.1491489550035,1.4907894592770767,1.923782843293178
Social-Maximalist,500c,500,2,1.5537508716180048,17.091666666666665,-1.25,8.640668115312302,-0.971134781978969,1131.7528027331705,1.5121930032169952,1.898271459575017
Habitual,500a,500,3,1.54114120521781,17.158333333333335,-1.25,8.745332298231727,-1.04665452045395,758.5573717454004,1.0186304800553774,1.2847731125167774
Habitual,500b,500,3,1.5442787583818016,17.183333333333334,-1.0,8.738345451538558,-1.0413996182052263,760.230457601491,1.0119367622566788,1.1502104709092176
Habitual,500c,500,3,1.5346526274846644,17.158333333333335,-1.25,8.732963847178477,-1.036104124956253,760.9852168831196,1.017339611605453,1.295966245382226
Progressive,500a,500,3,1.5183485180924163,16.583333333333332,0.0,8.439566565084174,-0.7936068428619526,1464.726589222736,1.8229167698526116,2.1852815298598163
Progressive,500b,500,3,1.5217089746928172,16.483333333333334,-1.25,8.443890403270595,-0.800729292159484,1457.3182679694667,1.8196732647466296,2.0905380300151593
Progressive,500c,500,3,1.5104791085128824,16.583333333333332,-1.25,8.440379695452954,-0.7982880287862865,1457.2146988743104,1.8093549972741585,2.352508834139086
Tipping,500a,500,3,1.5366697386911488,17.091666666666665,-1.25,8.734393988827032,-1.0419759332714744,849.6623099947866,1.070811000058889,1.4261570527298695
Tipping,500b,500,3,1.5412391508860586,17.091666666666665,-1.25,8.73541430797602,-1.0396240301982407,853.8382745793315,1.0712618201616695,1.4234977675022502
Tipping,500c,500,3,1.546672812852473,17.175,-1.25,8.741045640487263,-1.0451650849317067,851.1289199451561,1.0742262850192927,1.5744944679180835
Balanced,500a,500,3,1.5221285773596764,16.683333333333334,-1.5,8.504171261267958,-0.8487643168235139,1379.480091272252,1.7101218096496495,2.1000955455387933
Balanced,500b,500,3,1.5106018176757305,16.725,-1.5,8.477642918775885,-0.8245915298869977,1359.3275631057868,1.7597624790962103,2.2365230686652997
Balanced,500c,500,3,1.5100001221322656,16.666666666666668,-3.5,8.495444167217714,-0.846023333884381,1379.8743393829136,1.7121870323591044,1.9580333007054993
Price-Maximalist,500a,500,3,1.5687094874948906,15.7,-3.5,8.06485681456982,-0.503417925680932,2415.6912694031803,2.7056038974442878,2.9781995745727694
Price-Maximalist,500b,500,3,1.5759241801480133,15.658333333333333,-4.0,8.068085190986228,-0.5127004687640052,2463.294022225907,2.6256392069389323,3.0750922068784305
Price-Maximalist,500c,500,3,1.5688358325573726,15.608333333333333,-3.5,8.066654175931147,-0.5050236203755921,2471.2723912811493,2.6229245588447574,3.1537145303445135
Social-Maximalist,500a,500,3,1.5411460188908122,16.983333333333334,-1.25,8.640464535072455,-0.9577450906280097,1140.1962524742269,1.5045049724084325,1.610749491825369
Social-Maximalist,500b,500,3,1.543396798676643,17.083333333333332,-0.75,8.640969043322762,-0.9585218211005401,1146.4744404063288,1.4922620941205655,1.8038356504155342
Social-Maximalist,500c,500,3,1.5391793272594958,17.058333333333334,-1.0,8.643491766825115,-0.9598376001584483,1131.522247517794,1.5284784816773058,1.6143761137361228
Habitual,500a,500,4,1.5433051095014123,17.325,-1.5,8.650208808216126,-1.0302976971050135,776.5810676172871,1.0483629008347635,1.167329742023266
Habitual,500b,500,4,1.54828280700599,17.183333333333334,-1.25,8.658231783290008,-1.0326387277344526,774.1925190779633,1.0529997715605002,1.0364141315715414
Habitual,500c,500,4,1.5509718623712085,17.333333333333332,-1.5,8.658274048745264,-1.034864326523044,776.5465056470282,1.0499358671920773,1.0567265506437553
Progressive,500a,500,4,1.5207789592959977,16.458333333333332,-2.5,8.339953929486008,-0.7669094850415642,1448.5002657418888,1.8478867274510271,2.14363816728215
Progressive,500b,500,4,1.516309172249455,16.466666666666665,-2.0,8.3399915926895,-0.7655582593561656,1444.9399282591448,1.831779946014323,2.085866267557164
Progressive,500c,500,4,1.5235928877873526,16.508333333333333,-1.25,8.342063788833888,-0.7709401777227778,1441.7806591524243,1.8352174375276942,2.064113071521702
Tipping,500a,500,4,1.5447231556287058,17.283333333333335,-1.0,8.654942534478144,-1.0300369789225872,846.5724001520904,1.089397369359464,1.0550817232138376
Tipping,500b,500,4,1.5448546961304759,17.25,-1.25,8.66441364868529,-1.0348955931297343,847.5939815035581,1.0944076070406776,1.183142938147163
Tipping,500c,500,4,1.5473554077646876,17.291666666666668,-0.75,8.653074175984665,-1.0248408426513316,844.0886093155209,1.08363020854403,1.0869791572230376
Balanced,500a,500,4,1.5172627335205007,16.65,-2.5,8.385160427566337,-0.8032326497885587,1401.5551744659308,1.7654645031470135,1.902515055047859
Balanced,500b,500,4,1.53171871565193,16.65,-2.25,8.404480381964174,-0.8223151041863979,1395.4430209735444,1.766675092079481,1.9836833140016297
Balanced,500c,500,4,1.5288850819905508,16.55,-2.5,8.409298630275163,-0.8260625191640509,1397.9087043425286,1.758086030566096,1.8866788063560525
Price-Maximalist,500a,500,4,1.5793834324317182,15.575,-4.25,7.991577610140359,-0.5038831656959158,2508.3477231621314,2.7117140952465286,3.103353178442932
Price-Maximalist,500b,500,4,1.5836181291802502,15.691666666666666,-3.75,7.992312510713659,-0.5073402884914381,2500.4074995581486,2.7111280855847255,3.066974711403832
Price-Maximalist,500c,500,4,1.586508546956866,15.658333333333333,-3.75,7.985585619288809,-0.4976106192888089,2471.027116797421,2.870237054073648,3.3340414470822477
Social-Maximalist,500a,500,4,1.54444969783844,17.066666666666666,-1.0,8.563695283595175,-0.954300839150731,1142.9787108734547,1.537764968364417,1.6887438056998072
Social-Maximalist,500b,500,4,1.531968324144066,16.916666666666668,-1.0,8.552208635158808,-0.941966968492141,1125.8265186970796,1.5713958404996262,1.7722334389200656
Social-Maximalist,500c,500,4,1.5289692152169239,17.008333333333333,-1.75,8.555580645707659,-0.9463695345965473,1130.371792836943,1.584304105870716,1.8076375178280348
Habitual,500a,500,5,1.5455301855947674,17.075,-1.0,8.758626518335321,-1.0461848516686534,736.9168894070863,1.0450792348643327,1.0978384992544796
Habitual,500b,500,5,1.5511786901174642,17.116666666666667,-0.75,8.76083129563528,-1.0464049067463883,735.9151422652734,1.0357279562567046,0.9274582824855477
Habitual,500c,500,5,1.5535245468760976,17.083333333333332,-1.0,8.759337057723046,-1.0479176132786008,733.7004650373324,1.0415559952329356,1.0346411600588652
Progressive,500a,500,5,1.5159366434064752,16.491666666666667,-2.5,8.428141505892587,-0.7650928947814756,1424.417438095293,1.7959276656623153,1.9634251989068143
Progressive,500b,500,5,1.521437392769829,16.425,-2.5,8.429979108895171,-0.7770485533396144,1430.2504857893562,1.833402453064183,2.046213768345268
Progressive,500c,500,5,1.519880037436187,16.416666666666668,-2.5,8.431245329822733,-0.7704800520449554,1426.206226468263,1.8300841245103439,1.9632620020037312
Tipping,500a,500,5,1.5559082203550538,16.958333333333332,-0.75,8.761490361553118,-1.049972305997563,813.9572607719467,1.0759634728749978,1.0581403640696183
Tipping,500b,500,5,1.5520326871669625,17.083333333333332,-0.5,8.76991912916934,-1.054985795836006,812.3214088908121,1.0711480539751588,0.9666423848463409
Tipping,500c,500,5,1.552102277316874,17.158333333333335,-1.0,8.772902648452108,-1.0586151484521067,814.5375476744143,1.0825393261564735,1.059021553252573
Balanced,500a,500,5,1.523497074539111,16.766666666666666,-1.5,8.487711642987914,-0.8151227540990255,1371.3877494686317,1.7317782504812378,1.710835078217067
Balanced,500b,500,5,1.5276672270950349,16.725,-1.5,8.475153939538847,-0.8115053284277367,1378.2385549923883,1.7533903280672785,1.7569216463111497
Balanced,500c,500,5,1.5204977436344191,16.816666666666666,-1.5,8.483521094463892,-0.8105460944638909,1378.1026646519945,1.7489541052241033,1.8534962743186898
Price-Maximalist,500a,500,5,1.5841205512323875,15.633333333333333,-3.75,8.05705672866832,-0.49004839533498656,2472.7004749519647,2.805672508033853,2.9903477470689044
Price-Maximalist,500b,500,5,1.5793737471053855,15.641666666666667,-4.0,8.056066400049222,-0.4913802889381104,2461.603703797887,2.8107714377303474,3.133713806345649
Price-Maximalist,500c,500,5,1.584669076574472,15.566666666666666,-4.0,8.042124185913076,-0.4820880748019642,2459.5617194524643,2.818554302178767,3.2240481722716168
Social-Maximalist,500a,500,5,1.5375096732508953,17.025,-1.25,8.660752148886072,-0.9583868711082932,1111.9825141863078,1.4240191164452098,1.5193903053683497
Social-Maximalist,500b,500,5,1.539757672254235,16.891666666666666,-1.25,8.657248355298444,-0.954653910854002,1105.5998596865522,1.4181113310217062,1.4662966237773838
Social-Maximalist,500c,500,5,1.5359135171615883,16.975,-1.25,8.651089655568844,-0.9500299333466217,1106.29503850377,1.4218997317511626,1.5481731857075443
Habitual,500a,500,6,1.541171304778523,17.183333333333334,-1.0,8.718891981087198,-1.038895078309419,736.0567459907044,1.0494630091666526,1.2554325998526124
Habitual,500b,500,6,1.548124511567117,17.333333333333332,0.0,8.723686220044348,-1.0436570533776814,738.0773856210274,1.0479941630570206,1.2071583118620755
Habitual,500c,500,6,1.5464083360995688,17.266666666666666,-1.25,8.726445544274009,-1.0476350692740088,737.7773004451832,1.0496455785991547,1.1869566575878328
Progressive,500a,500,6,1.5201556732112629,16.741666666666667,-1.0,8.421654700464812,-0.7949755337981455,1430.8552790188292,1.7997257315811968,1.9103264939022613
Progressive,500b,500,6,1.5231518533186623,16.666666666666668,-2.25,8.425900420010002,-0.799861531121113,1433.1294786209303,1.7920350770449511,1.864809392406459
Progressive,500c,500,6,1.5212560129525665,16.7,-2.0,8.426023661237554,-0.7969222723486652,1423.8196522339463,1.7752259335261393,1.846864658118168
Tipping,500a,500,6,1.5532843254391528,17.241666666666667,-1.0,8.730755942410918,-1.0504823312998066,828.2760758217245,1.0724050938562355,1.0929990169373571
Tipping,500b,500,6,1.544098362824877,17.175,-0.25,8.729829426806385,-1.0476988712508295,825.4806492243619,1.0596044333118622,1.1268749408292902
Tipping,500c,500,6,1.552569775912003,17.308333333333334,-1.0,8.724393851499928,-1.0433160737221483,829.687442591078,1.0712657912690697,1.1569074411132965
Balanced,500a,500,6,1.5341995398084822,16.741666666666667,-3.0,8.484267704554574,-0.8490107601101288,1393.9425110159607,1.749191746920922,1.917864342205934
Balanced,500b,500,6,1.5303582800386368,16.8,-2.25,8.481082507877398,-0.8407200078773979,1384.775653881571,1.6936221208133921,1.8824156382235215
Balanced,500c,500,6,1.5332088331399867,16.733333333333334,-2.25,8.484987058301849,-0.8493648360796267,1372.7503967188463,1.6859782767885776,1.8775510085287772
Price-Maximalist,500a,500,6,1.5867693659724742,15.7,-3.75,8.054027846041944,-0.5106097904863888,2469.72566356092,2.6129056376595257,3.0462902116765553
Price-Maximalist,500b,500,6,1.586612592021027,15.658333333333333,-4.0,8.05031383945643,-0.5065832839008748,2465.1282583593434,2.6129810179249837,2.9737935800768143
Price-Maximalist,500c,500,6,1.5795017275809753,15.608333333333333,-4.0,8.04833245718823,-0.5040144016326742,2477.9201134853606,2.633492396778411,3.042684212104324
Social-Maximalist,500a,500,6,1.5500715667744511,17.033333333333335,-1.0,8.662682771338018,-0.9932323963380191,1131.181432400567,1.4114001172467878,1.46737642659709
Social-Maximalist,500b,500,6,1.5473070260027315,16.875,-1.0,8.66344659353012,-0.9891438157523418,1135.6196586329459,1.4174489667790597,1.5569799930595294
Social-Maximalist,500c,500,6,1.5412391096090137,16.991666666666667,-0.75,8.663108901232388,-0.9898630678990545,1140.3705074673023,1.4297583134489273,1.642247068235958
Habitual,500a,500,7,1.549162137260472,17.116666666666667,-0.75,8.73269085242569,-1.045431130203468,746.0439778620762,1.017667843401861,1.189257611842274
Habitual,500b,500,7,1.5495823765652679,17.066666666666666,-0.75,8.71844465329164,-1.0361807644027485,744.2590222970382,1.0139347484759662,1.0114640213100468
Habitual,500c,500,7,1.545914096839741,17.15,-0.5,8.722747617175587,-1.039572617175587,746.1415486939766,1.0145786633409006,1.1197238888557461
Progressive,500a,500,7,1.5160871440220542,16.458333333333332,-3.5,8.426391244234532,-0.7897329109011987,1448.0003470026056,1.8445553147773524,2.031252286011301
Progressive,500b,500,7,1.5276202554673195,16.55,-2.5,8.425100174447858,-0.787875174447859,1435.659820088095,1.8025789085449913,1.9562105385099633
Progressive,500c,500,7,1.5225962615987074,16.616666666666667,-3.25,8.419251175081062,-0.7836761750810602,1446.5669617392373,1.8261760090436154,1.9404701747603443
Tipping,500a,500,7,1.5571198191004234,16.983333333333334,-1.25,8.724809143026057,-1.0417855319149465,820.792937997188,1.0491245865350207,1.0683577249613214
Tipping,500b,500,7,1.5472736497060278,17.1,-1.25,8.724161442750841,-1.0414919983063975,817.7016159716677,1.0441421139332505,1.1734186983174704
Tipping,500c,500,7,1.5502740718787882,17.058333333333334,-1.0,8.72337398923381,-1.043119822567145,815.6925925323936,1.0447474331541111,1.149188113663474
Balanced,500a,500,7,1.517647693405609,16.7,-2.75,8.454112936620914,-0.8137698810653592,1406.9476913552685,1.7551099754392765,1.8499499642385582
Balanced,500b,500,7,1.5133896461472778,16.725,-2.0,8.468209598784346,-0.8267470987843469,1418.0977294478762,1.702462729171099,1.814454363537608
Balanced,500c,500,7,1.523331988094124,16.591666666666665,-1.25,8.465523285648414,-0.8287260634261929,1423.3370133686947,1.735811435889946,1.9262182931035623
Price-Maximalist,500a,500,7,1.5700743169002487,15.583333333333334,-4.0,8.036016294026343,-0.48726212735967755,2407.463479019223,2.7135915806334987,2.935036914943094
Price-Maximalist,500b,500,7,1.5788529186497062,15.65,-3.0,8.03995893742464,-0.48995754853575113,2408.0982038271404,2.7302598396056075,3.066413245025236
Price-Maximalist,500c,500,7,1.5807687630852432,15.616666666666667,-3.0,8.034291685568453,-0.48446668556845224,2436.5369945800103,2.7659696411039123,3.066776690693207
Social-Maximalist,500a,500,7,1.5536160391026852,16.941666666666666,-1.25,8.641292553085831,-0.9692606086413849,1141.7624868153152,1.4657281845008807,1.6885808147514183
Social-Maximalist,500b,500,7,1.5561301137831303,17.008333333333333,-1.5,8.640538382103394,-0.9663842154367284,1149.3880964893465,1.4623592720962593,1.437165596211644
Social-Maximalist,500c,500,7,1.552311243057677,16.95,-1.25,8.632027817888533,-0.960801428999644,1153.6666978372962,1.4760986799532394,1.652563580223774
Habitual,500a,500,8,1.5627608070385934,17.066666666666666,-1.5,8.73586411452296,-1.0587766145229582,793.0898043644981,1.0692034553760736,1.217185649378219
Habitual,500b,500,8,1.5656030422063008,17.241666666666667,-1.5,8.73395574215743,-1.0560446310463212,797.2668373418072,1.0715226995704996,1.1355832661723786
Habitual,500c,500,8,1.560729486972769,17.2,-0.75,8.729276042317029,-1.051201042317031,799.2938379025193,1.07018891447265,1.1413433030821194
Progressive,500a,500,8,1.5228423906246176,16.45,-2.5,8.425976746694134,-0.8012086911385771,1487.1554410283634,1.7815922550526815,2.0150220995189705
Progressive,500b,500,8,1.5268129781854065,16.55,-1.0,8.415709682521989,-0.7890944047442108,1505.656640986483,1.79156636680548,2.041083029436991
Progressive,500c,500,8,1.528894119908384,16.591666666666665,-1.0,8.42385316233246,-0.7958809401102381,1497.5460839849109,1.7769655966371642,2.1372579048777975
Tipping,500a,500,8,1.5598212436595096,17.125,-1.0,8.72714592764999,-1.0502973165388816,848.6699746995545,1.1040131099351398,1.3360366432505177
Tipping,500b,500,8,1.5554204342735636,17.15,0.0,8.726812065761287,-1.0475092879835084,852.7644973463487,1.10006181128882,1.3383801116236265
Tipping,500c,500,8,1.5594351841885228,17.058333333333334,-1.0,8.728779118365392,-1.0497818961431706,849.0974728639194,1.0980321219809694,1.436258013664713
Balanced,500a,500,8,1.5351275540440692,16.683333333333334,-1.0,8.482339371369203,-0.8510463158136494,1467.9453441596763,1.752293466567283,1.926673084340576
Balanced,500b,500,8,1.5291435740023416,16.558333333333334,-2.5,8.464631038980658,-0.835490761202881,1425.956506436166,1.792933438924432,2.0897517918733763
Balanced,500c,500,8,1.527745029022451,16.75,-1.0,8.47507485856546,-0.8435956918987937,1445.7932764876357,1.7113671379290798,2.0377733813856564
Price-Maximalist,500a,500,8,1.5981743617338526,15.625,-4.25,8.048260165112788,-0.5182393317794564,2430.188815655325,2.774245422306667,3.3812075172559855
Price-Maximalist,500b,500,8,1.584308092388876,15.725,-3.25,8.040040990244673,-0.5104465458002282,2524.108628000725,2.7303249692562224,3.2351302941167024
Price-Maximalist,500c,500,8,1.592902695895377,15.683333333333334,-4.5,8.04406774511031,-0.5152427451103088,2486.8606922516124,2.6712549501445517,3.3805727511094963
Social-Maximalist,500a,500,8,1.5670942432262478,16.991666666666667,-1.25,8.671917631391416,-1.0077120758358626,1152.5976155260066,1.5136361811497605,1.5369869225140154
Social-Maximalist,500b,500,8,1.5553029872200292,16.925,-1.0,8.647947218176487,-0.9836263848431545,1159.0269099047869,1.5164147034569617,1.6493321062715913
Social-Maximalist,500c,500,8,1.5651716924465962,17.008333333333333,-1.25,8.655146291763849,-0.9925115695416259,1154.39835570719,1.520212026778737,1.5833574524854126
Habitual,500a,500,9,1.5517835467698058,17.216666666666665,-1.25,8.70713538620766,-1.0431284417632152,760.5433632309756,1.0697258336760838,1.2998096911465449
Habitual,500b,500,9,1.542456230557857,17.191666666666666,-1.5,8.69637255704145,-1.0330364459303352,760.3821414645404,1.0700609857689227,1.3674565784374888
Habitual,500c,500,9,1.5404821029141802,17.166666666666668,-1.5,8.700234752153987,-1.034643085487319,761.6036894937689,1.0762216049918034,1.3828623391814383
Progressive,500a,500,9,1.5127937543505794,16.475,-4.0,8.40836074172542,-0.7904982417254204,1446.8265746921757,1.780069780401248,1.9514660518945341
Progressive,500b,500,9,1.5183385765316741,16.65,-3.0,8.40896664723777,-0.7925388694599934,1470.4790393109013,1.8160915853201405,2.1374840750645108
Progressive,500c,500,9,1.515464313787155,16.375,-2.25,8.411107629418597,-0.7894617960852638,1462.4004106959046,1.7858632510104724,2.100990330852735
Tipping,500a,500,9,1.551564891393854,17.283333333333335,-1.0,8.713505571205557,-1.0475319600944475,848.5508892425102,1.093883232281088,1.1234256114419066
Tipping,500b,500,9,1.5462044180649466,17.2,-1.0,8.707960236238248,-1.0434616251271358,839.6144601798326,1.073375302400292,1.4262711131129218
Tipping,500c,500,9,1.5451847523097049,17.216666666666665,0.0,8.712609075619993,-1.0464937978422142,846.4440159862047,1.0846685528464781,1.4235414526576298
Balanced,500a,500,9,1.5050670863719113,16.658333333333335,-1.5,8.420087848861183,-0.7946100710834065,1393.914382414496,1.8120119404643424,2.122307161983259
Balanced,500b,500,9,1.520498385024503,16.783333333333335,-1.75,8.442558881457087,-0.8156727703459757,1423.0842160323773,1.7532087908261353,2.12043687905502
Balanced,500c,500,9,1.520955789533758,16.691666666666666,-1.25,8.439485244037963,-0.8093352440379625,1393.2789558468262,1.8075148061426858,1.9755479187518972
Price-Maximalist,500a,500,9,1.5670353075648282,15.7,-4.25,8.036125258462688,-0.5004447029071328,2447.4623200035708,2.750748769441707,2.9059051857886704
Price-Maximalist,500b,500,9,1.566567307895512,15.716666666666667,-4.0,8.04712466108267,-0.5121343833048916,2485.0477300909624,2.6291508922023916,3.0518828453154456
Price-Maximalist,500c,500,9,1.567315181455801,15.616666666666667,-4.5,8.053903505240125,-0.5156382274623474,2465.608156922173,2.6105070251786593,2.8441602073079606
Social-Maximalist,500a,500,9,1.5456469068127794,17.041666666666668,-1.5,8.629425365035583,-0.973662865035583,1129.9632043237539,1.451039248409035,1.511054048641618
Social-Maximalist,500b,500,9,1.539393218857992,17.016666666666666,-1.5,8.637418319355488,-0.9809849860221543,1134.4945567790992,1.4130031287995386,1.7007461324845727
Social-Maximalist,500c,500,9,1.5425807355924914,17.108333333333334,-1.0,8.629442419942484,-0.9758924199424858,1125.722683024469,1.4591717724478621,1.6815616219079885
Habitual,500a,500,10,1.5447275168307462,17.108333333333334,-0.75,8.756282957034438,-1.0467871237011044,746.9088713563796,1.0086640258682922,1.2065717513547205
Habitual,500b,500,10,1.5442571071497533,17.058333333333334,-0.75,8.762852914198099,-1.0512056919758752,745.636858732851,1.0505068424373962,1.451757679274063
Habitual,500c,500,10,1.5450364464107642,17.058333333333334,-1.0,8.75299699683426,-1.0460692190564813,742.2137303422194,1.0425971800048124,1.32610424785041
Progressive,500a,500,10,1.5121208757664462,16.6,-1.25,8.430150269758597,-0.7782752697585972,1449.9489975514784,1.8198523464129719,2.0534448393311235
Progressive,500b,500,10,1.5055948621217206,16.416666666666668,-1.25,8.433085648328053,-0.7775495372169413,1449.949026224393,1.8022874675200162,1.994454098547274
Progressive,500c,500,10,1.511835529956863,16.475,-1.75,8.42645702592502,-0.77203063703613,1452.3076943907688,1.8124481258946203,2.0186164660306436
Tipping,500a,500,10,1.549405904241997,17.3,0.5,8.762637161296704,-1.0541441057411476,806.8126521001743,1.0690702917303103,1.2566942794699458
Tipping,500b,500,10,1.5565250094143517,17.3,-0.25,8.773174359180215,-1.0638979702913265,812.4021482063591,1.0752353407052597,1.2086537615857378
Tipping,500c,500,10,1.5578584198023984,17.258333333333333,0.0,8.768147174525188,-1.0622346745251883,809.9657924600018,1.0659257717470436,1.2459827190670612
Balanced,500a,500,10,1.5280315893064047,16.866666666666667,-1.5,8.48802407192317,-0.8279962941453934,1409.3944222452928,1.7241259616931164,2.1964878600045425
Balanced,500b,500,10,1.5257629098729466,16.775,-2.25,8.500712044338687,-0.8372148221164667,1404.7744636165182,1.7177115532115421,2.1260397238577355
Balanced,500c,500,10,1.5203655679912698,16.708333333333332,-0.75,8.488129797975253,-0.8286534090863635,1412.702904154419,1.7256104869630675,2.1258477467801464
Price-Maximalist,500a,500,10,1.5929120888339916,15.575,-3.0,8.045947350971002,-0.48336401763766773,2509.905437589164,2.6549853693110617,3.011286945802402
Price-Maximalist,500b,500,10,1.5892220165194644,15.525,-4.25,8.055554590137211,-0.4921573679149894,2475.1569924137857,2.8132020476425272,3.449982889444758
Price-Maximalist,500c,500,10,1.5922327529249143,15.616666666666667,-3.25,8.058209503088172,-0.5011136697548391,2503.907306262842,2.692311888862637,3.311171831971051
Social-Maximalist,500a,500,10,1.5468966600646394,16.991666666666667,-1.25,8.652104774113008,-0.9628978296685613,1160.6818137024397,1.5174242517928114,2.205448901848726
Social-Maximalist,500b,500,10,1.538797774545146,17.016666666666666,-1.0,8.638769426621433,-0.9532944266214328,1160.9271974980181,1.5187945966437641,1.8643728864857025
Social-Maximalist,500c,500,10,1.5439606135225603,16.958333333333332,-1.25,8.646519190513404,-0.9559969682911824,1169.4407945195078,1.5265778728073078,1.8006282842429124
Habitual,750a,750,1,1.5446983873613758,17.158333333333335,-0.75,8.747298154399989,-1.0478106543999883,1167.65817469089,1.0714238274126253,1.1012661031351068
Habitual,750b,750,1,1.5439891986276537,17.2,-0.75,8.739749468562483,-1.0416341907847066,1170.3068981673593,1.070694056202514,1.0629210051745295
Habitual,750c,750,1,1.5447962572493552,17.175,-1.25,8.747292300602938,-1.04686591171405,1168.5940635832517,1.0723737256565102,1.1827655638337282
Progressive,750a,750,1,1.5116443195573235,16.608333333333334,-0.75,8.422293256111,-0.7781390894443356,2208.280573661293,1.8122022135608673,1.9737285763380337
Progressive,750b,750,1,1.5090551451816097,16.65,-1.0,8.42513302370792,-0.7796524681523649,2210.3957966088865,1.8245765896253994,2.0315033545930548
Progressive,750c,750,1,1.5114051969089612,16.658333333333335,-0.75,8.43106591423834,-0.7866853586827856,2242.3505722592718,1.7522270645961993,1.9178157673741212
Tipping,750a,750,1,1.546034448939323,17.233333333333334,0.0,8.74174061462958,-1.0444058924073556,1287.276871396009,1.085092647646233,1.128657634829472
Tipping,750b,750,1,1.5392632730419504,17.1,-1.25,8.729957077678238,-1.0363029110115691,1293.1803914489826,1.0924450966905275,1.121942996939159
Tipping,750c,750,1,1.5414204726819967,17.125,-0.75,8.736663686442146,-1.0401192419977023,1294.1415464726995,1.0930293627146888,1.0846290015187419
Balanced,750a,750,1,1.5177337055171622,16.866666666666667,-1.25,8.462748322091384,-0.8100788776469402,2094.156699210471,1.707873444850285,1.8336280848550321
Balanced,750b,750,1,1.524970070055905,16.791666666666668,-3.25,8.465081336239175,-0.812161891794731,2098.079552459733,1.7149755087631784,1.8264979452500085
Balanced,750c,750,1,1.5195504966669056,16.8,-0.75,8.464559915433018,-0.814866859877463,2062.499884450132,1.7815864212894303,1.8633667038515775
Price-Maximalist,750a,750,1,1.5626545067531301,15.591666666666667,-4.0,8.038808874047113,-0.4872422073804481,3742.960599565528,2.6318716198402834,3.19351694870909
Price-Maximalist,750b,750,1,1.5648809838697972,15.591666666666667,-4.0,8.045711526236339,-0.49310874845855945,3746.995747222658,2.633218410813119,2.9153075128087704
Price-Maximalist,750c,750,1,1.5606889176066823,15.566666666666666,-3.75,8.048848451421259,-0.4985859514212591,3723.7886922180974,2.6274831685289395,3.029897278467266
Social-Maximalist,750a,750,1,1.5377801954010304,17.016666666666666,-1.25,8.637322953344697,-0.9577993422335841,1762.0327735179042,1.4497836385028064,1.5989886726685478
Social-Maximalist,750b,750,1,1.5383878780464,16.966666666666665,-1.75,8.629513158436854,-0.951458991770187,1740.7979141268597,1.4850669385900177,1.602038967968451
Social-Maximalist,750c,750,1,1.53687121098177,17.033333333333335,-1.25,8.640448587014577,-0.9590638647923541,1745.5271283500838,1.4892313452707107,1.7219587620506274
Habitual,750a,750,2,1.546796150364464,17.216666666666665,-0.5,8.729971740198305,-1.0672689624205272,1073.940626655161,1.0142610531038563,1.3506545414787126
Habitual,750b,750,2,1.5435087101969343,17.216666666666665,-0.75,8.7296718931944,-1.0664482820832883,1070.3134707904042,1.0102159560574844,1.3058743273648266
Habitual,750c,750,2,1.5433288150919497,17.183333333333334,-0.5,8.727163285015507,-1.0636646739043973,1066.3352268613514,1.0101155699202398,1.4514943574812915
Progressive,750a,750,2,1.5141448646071975,16.691666666666666,-1.0,8.412469690757563,-0.8013724685353395,2164.3116674015873,1.79863777227886,2.181366546291506
Progressive,750b,750,2,1.5149818022023782,16.641666666666666,-1.0,8.40643916036973,-0.7947613825919521,2166.579815809719,1.792338139987387,2.1046385106549237
Progressive,750c,750,2,1.520526576543084,16.658333333333335,-1.25,8.407102924373676,-0.7945418132625652,2169.6542437461712,1.796723231381594,2.253583802878786
Tipping,750a,750,2,1.5455014780746852,17.283333333333335,-1.0,8.727454268654968,-1.0657237130994117,1243.6510536393396,1.0422340486188542,1.2622689843172172
Tipping,750b,750,2,1.5391704984375443,17.166666666666668,-1.0,8.724997445724737,-1.0656432790580703,1247.2248266667546,1.040889717130018,1.2229692751564505
Tipping,750c,750,2,1.5420731153953846,17.325,-1.0,8.719306500939732,-1.0602898342730662,1245.6904815973696,1.0513963094471892,1.369141534974064
Balanced,750a,750,2,1.5317523121514476,16.725,-1.0,8.456966019997882,-0.8415590755534382,2122.0809223658384,1.734678733933278,2.1299337580368505
Balanced,750b,750,2,1.523688581456787,16.833333333333332,-1.25,8.449416828068857,-0.8329779391799701,2157.1649231045935,1.6748521049418856,1.889814296227183
Balanced,750c,750,2,1.5246038553608054,16.691666666666666,-1.0,8.461169696835857,-0.841504596835857,2112.365469305715,1.728372041997772,2.125931427157508
Price-Maximalist,750a,750,2,1.5886825778250906,15.758333333333333,-3.5,8.057710650769632,-0.5373523174362986,3764.5111516122083,2.6753265280447485,3.1191862306381446
Price-Maximalist,750b,750,2,1.5849436479260883,15.75,-3.5,8.060924064215108,-0.5438823975484417,3771.982003260194,2.7215434467695347,3.400838828218187
Price-Maximalist,750c,750,2,1.5903323728188856,15.775,-3.25,8.06556945147878,-0.5467652848121117,3755.7697545758665,2.6652041143367526,3.199172027639165
Social-Maximalist,750a,750,2,1.5537698126301691,16.908333333333335,-1.0,8.627800094422266,-0.9793070388667126,1746.302340529298,1.4811299353822753,1.8081404447718303
Social-Maximalist,750b,750,2,1.5484465986920957,17.0,-1.0,8.623650679827541,-0.9754006798275402,1782.587405844211,1.4653413816874636,1.710835491604119
Social-Maximalist,750c,750,2,1.5565232959733946,17.025,-1.0,8.630959270839849,-0.9786023263954061,1755.4011837483902,1.4928427061253715,1.7535661032756693
Habitual,750a,750,3,1.526374784573168,17.191666666666666,-1.25,8.702350690019193,-1.031404856685861,1131.461772698078,1.0169049949308002,1.1470564529773395
Habitual,750b,750,3,1.5243599145490554,17.358333333333334,-1.0,8.704960976391096,-1.0332415319466515,1132.111325895091,1.0221499913191534,1.2516207415514307
Habitual,750c,750,3,1.5262261314621097,17.25,-1.5,8.712563262077191,-1.0396340954105248,1136.9246842770174,1.0244570390325787,1.2301537847582233
Progressive,750a,750,3,1.493783627436065,16.725,-2.5,8.39680418518981,-0.771448629634255,2163.7440042444146,1.7724412975527788,2.1977315622202807
Progressive,750b,750,3,1.4919814510410498,16.683333333333334,-1.75,8.401190097556857,-0.776203986445745,2176.2937872137027,1.7935096653112068,1.9763652788059414
Progressive,750c,750,3,1.4947339026135584,16.641666666666666,-1.75,8.401342926233392,-0.7748693151222826,2170.2753462049595,1.7891976401865002,2.0922281096076
Tipping,750a,750,3,1.5367694548214925,17.191666666666666,-1.0,8.70367459086304,-1.0324134797519278,1255.53770915643,1.0447547553181178,1.233847434125498
Tipping,750b,750,3,1.538656983033796,17.291666666666668,-1.25,8.710131852074154,-1.0357596298519334,1253.0857408482173,1.044914870280294,1.2578010659583587
Tipping,750c,750,3,1.5391902493823473,17.225,-1.25,8.706513940589483,-1.0317014405894822,1258.187323949734,1.0498879413355098,1.12307091942452
Balanced,750a,750,3,1.5027163956788812,16.658333333333335,-1.25,8.448300361240017,-0.8161059167955729,2111.8669727898796,1.7972479878197012,2.096264242113501
Balanced,750b,750,3,1.5088433947479403,16.741666666666667,-1.75,8.450390869086005,-0.8206117024193382,2160.3644459773795,1.7594045994438605,2.002369261068775
Balanced,750c,750,3,1.4987170223911943,16.725,-2.25,8.446563636709831,-0.81379141448761,2138.922363331504,1.7379388509137002,2.1066794891213148
Price-Maximalist,750a,750,3,1.5624433851072757,15.7,-3.75,8.02909562696249,-0.4964595158513779,3729.545057886168,2.6362972372785114,3.0323211614295373
Price-Maximalist,750b,750,3,1.564726344500174,15.658333333333333,-3.75,8.028527151490895,-0.4981688181575626,3741.5283596397844,2.649250875857484,3.1044879719108796
Price-Maximalist,750c,750,3,1.5636585858090344,15.766666666666667,-3.0,8.02842035062937,-0.49772035062937053,3740.0060867082934,2.6513109694940513,3.1480938861725196
Social-Maximalist,750a,750,3,1.5336083221209182,17.066666666666666,-1.5,8.60965380508261,-0.9542690828603875,1723.3512607956147,1.4949638873810134,1.7993012020434618
Social-Maximalist,750b,750,3,1.5295070636003023,17.091666666666665,-1.0,8.608674643304795,-0.9526579766381281,1727.9714571199834,1.5005936343115436,1.8190190054087605
Social-Maximalist,750c,750,3,1.5293938937671563,16.983333333333334,-1.5,8.60669044111302,-0.9517543300019093,1727.0037575537608,1.511397524629426,1.714515541430595
Habitual,750a,750,4,1.534283507440487,17.175,-1.25,8.695189374244762,-1.0300157631336502,1155.0847180613625,1.0685398973207445,1.1101207750380295
Habitual,750b,750,4,1.527267770712226,17.15,-1.5,8.686431610000424,-1.0240052211115356,1157.895860868556,1.072178071757088,1.1092130364770303
Habitual,750c,750,4,1.5292198196162372,17.166666666666668,-1.5,8.695871829313127,-1.0314398848686819,1163.7170204863976,1.0815253205580406,1.061794476215415
Progressive,750a,750,4,1.5157696419933913,16.5,-1.0,8.404870603010533,-0.7880025474549769,2189.839943409885,1.7810390616638754,1.9145587319465387
Progressive,750b,750,4,1.5158160321732062,16.433333333333334,-1.25,8.398568498635102,-0.7842990541906567,2186.9302105091742,1.781557809487979,1.967217090805
Progressive,750c,750,4,1.5081182036093648,16.491666666666667,-1.0,8.402830102906186,-0.7897370473506324,2237.5554202243206,1.7400616371510471,1.8268920803432116
Tipping,750a,750,4,1.534512568003497,17.158333333333335,-1.25,8.699644088993171,-1.0373524223265043,1266.543724651349,1.1045554391716161,1.104181720565549
Tipping,750b,750,4,1.5343274323912568,17.216666666666665,-1.5,8.69381098300325,-1.0330776496699159,1271.6874296125995,1.1128602810066952,1.1488643502392963
Tipping,750c,750,4,1.533447028930577,17.225,-1.5,8.691831892836523,-1.031079115058747,1274.9477851470726,1.1183984866486634,1.104991758656003
Balanced,750a,750,4,1.514974934487769,16.525,-1.5,8.441035960757217,-0.8187304052016607,2137.2906872297995,1.7530462553971318,1.9594699543853928
Balanced,750b,750,4,1.5191135590300902,16.541666666666668,-1.5,8.438913608630449,-0.8191677752971155,2131.788085429139,1.7513066530094414,1.8538442894794689
Balanced,750c,750,4,1.5147999354937225,16.483333333333334,-1.5,8.440874429717443,-0.8168535963841089,2141.572451014883,1.7715219009674243,2.0347686838871955
Price-Maximalist,750a,750,4,1.5627513929943935,15.558333333333334,-4.0,8.030489029049312,-0.50185430682709,3752.3592591613224,2.6673695104462967,2.988760925490495
Price-Maximalist,750b,750,4,1.5618560649162112,15.666666666666666,-3.25,8.0315334885286,-0.5004223774174882,3675.253929107325,2.7848253136202983,3.2294393465976716
Price-Maximalist,750c,750,4,1.570720906563624,15.725,-2.75,8.036664587989344,-0.5069548657671233,3698.619336649802,2.8119105156429067,3.155186634996722
Social-Maximalist,750a,750,4,1.5310735021592186,16.991666666666667,-0.75,8.625375719946357,-0.9675479421685796,1701.9179525224633,1.444706918703554,1.5840632900199392
Social-Maximalist,750b,750,4,1.5366122094871002,17.058333333333334,-0.75,8.616571628282356,-0.9605563505045798,1688.7230143276802,1.4337404529054216,1.5843454170308935
Social-Maximalist,750c,750,4,1.527148358582503,17.058333333333334,-0.75,8.614261886461636,-0.9609493864616367,1694.9200954911178,1.445882758210271,1.5808277288335544
Habitual,750a,750,5,1.531255795575469,17.075,-0.5,8.720838310193813,-1.02386747686048,1160.0568372334674,1.0804244197235215,1.184406659121758
Habitual,750b,750,5,1.531998012609492,17.158333333333335,-0.75,8.722703989974939,-1.0262359344193834,1159.72295686448,1.0737801645579292,1.1125907511456867
Habitual,750c,750,5,1.528580354526818,17.125,-1.0,8.719523920685965,-1.021998920685966,1166.8445130907883,1.080136504915333,1.1631389382994506
Progressive,750a,750,5,1.5068499799501665,16.6,-2.5,8.413487519511014,-0.7659277972887893,2170.2694388076297,1.7925993262843392,2.0787680260510077
Progressive,750b,750,5,1.505540953965023,16.783333333333335,-1.25,8.418288474196373,-0.769594029751929,2180.8879068815413,1.8083183835793082,1.9670485854284316
Progressive,750c,750,5,1.5008816054570728,16.7,-1.75,8.414768297272511,-0.7698127417169549,2203.436833025242,1.7203760650703734,1.9893742481930126
Tipping,750a,750,5,1.5310927149572706,17.216666666666665,-1.0,8.72207246286886,-1.0265669073133055,1248.6465455536668,1.0904932308130018,1.0926048740651804
Tipping,750b,750,5,1.5362888458560882,17.133333333333333,-0.75,8.71618741380933,-1.0221346360315533,1246.4591931421444,1.0930585713513492,1.1032943396892672
Tipping,750c,750,5,1.5337616757884212,17.116666666666667,-1.0,8.718746648084737,-1.0208660925291824,1247.8611755333066,1.0902840689074311,1.0775448286517886
Balanced,750a,750,5,1.5123239830870019,16.725,-1.5,8.473141236046606,-0.8218898471577165,2162.590840040334,1.7032321891759288,1.7838799558381881
Balanced,750b,750,5,1.5091327768727616,16.725,-1.0,8.475420871828076,-0.8233972607169657,2126.578897214153,1.7751860033515077,1.899735335043264
Balanced,750c,750,5,1.51073169810882,16.883333333333333,-1.5,8.472996406022677,-0.8226450171337868,2132.5331367087792,1.7701469965336036,1.9142974997520452
Price-Maximalist,750a,750,5,1.5568405543655648,15.65,-3.75,8.0512155048545,-0.49305717152116674,3679.881400630084,2.788547266870902,3.0020058021227642
Price-Maximalist,750b,750,5,1.5537094299661798,15.633333333333333,-3.75,8.049176743099977,-0.49487674309997637,3679.9002103724592,2.802186925609594,3.0987308804586102
Price-Maximalist,750c,750,5,1.5540949194465496,15.6,-3.75,8.045672219611019,-0.4893847196110196,3684.4141496352663,2.7907387104154173,2.9896142423270256
Social-Maximalist,750a,750,5,1.5228903955243225,17.033333333333335,-1.0,8.628609169809723,-0.953171669809723,1695.132877458706,1.4527610086495473,1.7122474891863781
Social-Maximalist,750b,750,5,1.5209369648139779,17.05,-1.0,8.61996015265203,-0.9393851526520292,1721.0039767015298,1.4555720032948514,1.5921103241397616
Social-Maximalist,750c,750,5,1.5270637189136396,16.958333333333332,-1.25,8.627742787332876,-0.9428511206662095,1693.1867497056442,1.4855057015814295,1.6479590733231686
Habitual,750a,750,6,1.541669159246903,17.233333333333334,-1.0,8.749953739300926,-1.0566801281898153,1086.3875475310979,1.0201679249988413,1.0642444028453801
Habitual,750b,750,6,1.5408558377853472,17.175,-1.0,8.752749238236827,-1.0603835715701613,1090.6090484615268,1.0213426199022781,1.1208937424842904
Habitual,750c,750,6,1.5373514417171528,17.233333333333334,-1.0,8.743992530985707,-1.0525991569116326,1093.6753957455376,1.0235300987453138,1.1579825734440528
Progressive,750a,750,6,1.5101238242972408,16.533333333333335,-1.5,8.434775597883228,-0.789392264549895,2158.974289975231,1.7984971596705768,2.012101237358079
Progressive,750b,750,6,1.5040940529012314,16.466666666666665,-3.5,8.42950426656079,-0.7878723221163472,2168.2829895430027,1.8082832515089382,2.0342988869149696
Progressive,750c,750,6,1.5060763647188942,16.483333333333334,-2.5,8.437996780406829,-0.7928995581846074,2165.924235227476,1.815086563413934,2.0534094062090125
Tipping,750a,750,6,1.54185334110196,17.133333333333333,-1.0,8.743283172526008,-1.048594283637119,1240.14516406372,1.07688843895807,1.1309019581007969
Tipping,750b,750,6,1.5396737833290361,17.125,-1.25,8.745847017068899,-1.0515470170688985,1241.4807067053928,1.0732390316351248,1.1403417701137264
Tipping,750c,750,6,1.5402638218608105,17.083333333333332,-1.25,8.745175686566927,-1.0516354087891497,1259.2114591908116,1.0473271837470357,1.160503852475772
Balanced,750a,750,6,1.5186734988503217,16.791666666666668,-1.25,8.485223408280163,-0.8337359082801646,2100.9931069232143,1.7263294851557984,1.9049910015578813
Balanced,750b,750,6,1.516483266056703,16.916666666666668,-1.0,8.486949644257264,-0.8354357553683754,2123.406263550895,1.7581206783177445,2.134919417036392
Balanced,750c,750,6,1.5245336578380075,16.7,-2.5,8.485639523507727,-0.8301950790632824,2082.428806351717,1.7902702595458841,2.024497781681732
Price-Maximalist,750a,750,6,1.5726992855272626,15.566666666666666,-3.25,8.064887302280166,-0.5045845245023887,3688.101692029166,2.7697391201034898,3.0777320152955028
Price-Maximalist,750b,750,6,1.566517511086473,15.5,-3.5,8.063567300757098,-0.5042409118682089,3788.834023025562,2.6732020623021953,3.0656645373126805
Price-Maximalist,750c,750,6,1.5675854473249775,15.583333333333334,-3.75,8.071771670865292,-0.5092911153097359,3680.8661228495203,2.7506008906441313,3.121656833235294
Social-Maximalist,750a,750,6,1.546457508072213,17.041666666666668,-1.0,8.651069999908644,-0.9693352776864211,1712.2411021306827,1.5265660221040762,1.6872617841316193
Social-Maximalist,750b,750,6,1.5370351847682786,17.0,-1.0,8.655362001278993,-0.9735272790567685,1705.7505179158507,1.5294513300769093,1.78568673109814
Social-Maximalist,750c,750,6,1.537276211827711,16.941666666666666,-1.25,8.655566934912832,-0.9765738793572779,1724.729434914588,1.4850242216695568,1.7742643635319681
Habitual,750a,750,7,1.5449285896020002,17.183333333333334,-0.75,8.722710441204082,-1.046329885648527,1143.804188215156,1.0291550352584915,1.1758807493637304
Habitual,750b,750,7,1.544736749447165,17.125,-0.75,8.714855555571452,-1.039284722238117,1141.5309908050156,1.029819781809118,1.1807523251550016
Habitual,750c,750,7,1.5486101706567554,17.141666666666666,-0.75,8.718978155848685,-1.043980933626464,1143.84839176066,1.034746449126165,1.1579727989609243
Progressive,750a,750,7,1.5034724617867377,16.683333333333334,-2.5,8.403102238500438,-0.7724050162782166,2184.6208247915024,1.7916578815976894,1.9158792684549883
Progressive,750b,750,7,1.5065840275657094,16.583333333333332,-0.75,8.400813907235039,-0.7723055739017054,2183.0699922600984,1.790027568367288,1.9563800629545949
Progressive,750c,750,7,1.510536885181427,16.683333333333334,-2.5,8.404792149461018,-0.7770352050165721,2195.1417424201904,1.8261906704034343,2.165080455810303
Tipping,750a,750,7,1.5392626582473343,16.975,-0.75,8.704772864944315,-1.0307450871665387,1280.838648145621,1.0847220703466514,1.1260646367460108
Tipping,750b,750,7,1.5400288316196151,16.95,-0.75,8.70697173597625,-1.0341981248651382,1279.4122100767822,1.086047544015001,1.201464072583801
Tipping,750c,750,7,1.5358707094476403,16.991666666666667,-0.75,8.70588362315302,-1.0322405675974635,1281.5426575797026,1.0950215438339777,1.258136796844108
Balanced,750a,750,7,1.5124461460443244,16.758333333333333,-1.75,8.462546014869808,-0.8253071259809194,2162.678375050499,1.6679103712981485,1.801908398294132
Balanced,750b,750,7,1.5137146436445243,16.708333333333332,-0.75,8.459045515657827,-0.8197094045467151,2118.042563314665,1.7006615322134258,1.7660850786575453
Balanced,750c,750,7,1.5155499140237387,16.683333333333334,-0.75,8.46208499162055,-0.8208419360649967,2115.7903142401447,1.7172893856711708,1.941113442958626
Price-Maximalist,750a,750,7,1.5788030616556878,15.483333333333333,-3.0,8.043806187974258,-0.5018242435298127,3688.9412559672446,2.7813089822011117,3.1679942960582737
Price-Maximalist,750b,750,7,1.5735822859436968,15.466666666666667,-3.0,8.035842168912525,-0.49997272446808044,3667.7261035670017,2.7894492001612754,3.111277324630069
Price-Maximalist,750c,750,7,1.5778943165970039,15.55,-3.0,8.034522203262153,-0.4963444254843754,3700.572502858949,2.6275104690709763,2.824147932969331
Social-Maximalist,750a,750,7,1.5463974251185495,17.008333333333333,-0.75,8.643972211319857,-0.9783805446531911,1720.8159321622486,1.5177734950743615,1.6268721027988446
Social-Maximalist,750b,750,7,1.5424646001511115,16.983333333333334,-0.75,8.633497064526294,-0.9732109534151846,1742.5645172612833,1.4769037457523615,1.5359306900628886
Social-Maximalist,750c,750,7,1.5427618743160976,16.916666666666668,-0.75,8.635174559308304,-0.974685670419414,1742.32446454578,1.4748551690800455,1.6507056833220957
Habitual,750a,750,8,1.557670311968603,17.258333333333333,-1.25,8.719414287778404,-1.059324010000626,1189.9928701606154,1.0592113606459375,1.220365482199611
Habitual,750b,750,8,1.5594549552680952,17.266666666666666,-0.5,8.724221471307992,-1.063196471307991,1185.5112945163019,1.0527109378620705,1.2547519560037248
Habitual,750c,750,8,1.5551043675464842,17.275,-1.5,8.722853148381649,-1.0606406483816495,1193.3155505441214,1.0599964429985071,1.1323309275750488
Progressive,750a,750,8,1.5106347130908098,16.625,-1.0,8.39394131159094,-0.7919315893687179,2285.9063901708946,1.8077138671942432,2.1435363348635024
Progressive,750b,750,8,1.5135482756357064,16.608333333333334,-1.0,8.39991291032118,-0.7970823547656244,2283.8659536656687,1.8220266826156428,2.141655231422242
Progressive,750c,750,8,1.5147703538444095,16.525,-1.0,8.391407685196652,-0.79067296297443,2228.6939295195675,1.8740059309118187,2.059896553118187
Tipping,750a,750,8,1.5612436661380429,17.191666666666666,-1.5,8.72571752355791,-1.066855023557909,1276.7681077030388,1.0986107571216865,1.2184620161230595
Tipping,750b,750,8,1.5617468854283976,17.275,-1.0,8.730958122448122,-1.070063678003676,1283.0283670772149,1.0989539478833095,1.3233839150764446
Tipping,750c,750,8,1.5624200703132136,17.325,-1.5,8.732074252231882,-1.0730492522318813,1286.690634845498,1.1039038406333832,1.1834653777849902
Balanced,750a,750,8,1.5189839238437302,16.733333333333334,-2.0,8.45726041855702,-0.8392312518903527,2128.2162448261583,1.754312868272171,2.141525980276632
Balanced,750b,750,8,1.5285244419069117,16.816666666666666,-1.0,8.456369579766324,-0.8403056908774362,2142.726395695699,1.7619529118898165,2.040118225827607
Balanced,750c,750,8,1.529701776248648,16.775,-1.0,8.463063431130447,-0.8419912089082261,2163.3419747500243,1.7963404458099772,1.9938759266739599
Price-Maximalist,750a,750,8,1.5880013604866967,15.6,-3.25,8.022438161151793,-0.5052242722629043,3752.5888494998317,2.67115784876396,3.0166995061722615
Price-Maximalist,750b,750,8,1.5911373714713937,15.591666666666667,-3.5,8.021352481296706,-0.5018969257411514,3750.7450784505286,2.6603672014058386,3.0220972850944303
Price-Maximalist,750c,750,8,1.5917760003328556,15.525,-3.25,8.025436954487674,-0.5117147322654523,3758.2171721615273,2.698145069266902,3.128030680223511
Social-Maximalist,750a,750,8,1.555626961343788,17.083333333333332,-1.0,8.634320218401907,-0.9855327184019073,1705.7384357001836,1.5176352660953458,1.5490764409673439
Social-Maximalist,750b,750,8,1.5515938221623116,17.058333333333334,-1.25,8.623589036303583,-0.974858480748029,1681.3626197141025,1.552641825579271,1.544105671742821
Social-Maximalist,750c,750,8,1.55119176969862,17.15,-1.5,8.630953248033213,-0.9826615813665451,1702.6880150110014,1.515134481939235,1.6520334123438132
Habitual,750a,750,9,1.5366162506674201,17.275,-1.25,8.700677674578795,-1.0344873968010162,1122.1679673050307,1.0470799327107843,0.9947375368197087
Habitual,750b,750,9,1.5348051411957937,17.241666666666667,-1.25,8.697070382950526,-1.030377327394972,1122.1084455828066,1.0466898527957318,1.033145939821155
Habitual,750c,750,9,1.532090543765555,17.308333333333334,-1.25,8.69685846635736,-1.0325126330240273,1141.081803300702,1.0198341022741841,1.0786926345912269
Progressive,750a,750,9,1.4894021231118963,16.633333333333333,-1.0,8.40440886356362,-0.783857474674731,2201.414427997598,1.8361689271300043,2.007178541630351
Progressive,750b,750,9,1.487260480398052,16.541666666666668,-3.75,8.396447623565116,-0.7792087346762278,2182.467216179836,1.8277602037432386,1.9091168434531391
Progressive,750c,750,9,1.4895087929280568,16.541666666666668,-2.75,8.390145841437574,-0.7704625081042398,2170.8185484172036,1.7926147255822067,1.763432784335552
Tipping,750a,750,9,1.5355958086720196,17.175,-1.25,8.70068414526117,-1.0361230341500591,1245.4643642138058,1.0817927691357678,1.0739694227738683
Tipping,750b,750,9,1.5307341556404175,17.308333333333334,-1.5,8.698000822368597,-1.0324216557019306,1247.1039441489188,1.0801318325410476,1.0993436972339743
Tipping,750c,750,9,1.5326207109907053,17.25,-0.5,8.700299728116882,-1.033408061450215,1245.9464687910838,1.082990577023686,1.149313712484022
Balanced,750a,750,9,1.5030104684517231,16.775,-1.25,8.459487843954092,-0.8314572883985359,2110.9314174794076,1.7268216630013011,1.8349652852816578
Balanced,750b,750,9,1.5045159126911092,16.716666666666665,-2.75,8.450262687119539,-0.8204293537862049,2069.028824716252,1.7699805778396125,1.9301907271172694
Balanced,750c,750,9,1.5058840386817367,16.9,-1.25,8.455179417404914,-0.8279294174049122,2117.596189704643,1.7278326908122745,1.8452185605336544
Price-Maximalist,750a,750,9,1.548789067168101,15.616666666666667,-3.0,8.022572502916487,-0.49033361402759745,3673.4611206140085,2.7635197736091843,3.0158665219719114
Price-Maximalist,750b,750,9,1.55174197264652,15.691666666666666,-3.0,8.028232648226123,-0.4959423704483449,3720.797678081387,2.6189851341573296,2.8949600506283995
Price-Maximalist,750c,750,9,1.5439995146200358,15.75,-3.0,8.025464983885417,-0.4920983172187513,3676.4763462129645,2.761508178649624,2.9945290852870787
Social-Maximalist,750a,750,9,1.5325798215073336,17.108333333333334,-1.5,8.636113458288788,-0.9798065138443433,1708.1825091120108,1.4455440762248193,1.6041525400595824
Social-Maximalist,750b,750,9,1.533484010976077,17.05,-1.25,8.63204605872227,-0.9736668920556047,1728.5811090090247,1.4692296636356232,1.529752491706
Social-Maximalist,750c,750,9,1.5311700136366042,17.125,-1.0,8.628563423561312,-0.9738398124501999,1724.7340068134736,1.4606296163716075,1.586522942359952
Habitual,750a,750,10,1.533827762242176,17.075,-1.0,8.743581233062196,-1.0481937330621949,1117.8531597238814,1.0274418731036015,1.1085656622990576
Habitual,750b,750,10,1.5362184639689354,17.058333333333334,-0.5,8.748342744601745,-1.0505913557128546,1121.2013037191693,1.0327279735282273,1.2567011971777082
Habitual,750c,750,10,1.5377728497423944,17.125,-0.5,8.749262386835744,-1.0526429423913,1117.2199397953007,1.0275188690290709,1.183371635174407
Progressive,750a,750,10,1.5042040495153872,16.516666666666666,-2.0,8.421704658870796,-0.7785629922041303,2172.7807284485298,1.835547534021135,2.1349394165127658
Progressive,750b,750,10,1.5028410309970597,16.533333333333335,-2.0,8.408638810839378,-0.7669721441727108,2163.4297934521946,1.8192410482499612,2.206213871255811
Progressive,750c,750,10,1.5045553922472525,16.525,-2.0,8.416379200684949,-0.7717292006849491,2168.5085588277525,1.82184784196536,2.2141614358217896
Tipping,750a,750,10,1.5391404978130132,17.05,-0.75,8.740423556700936,-1.0442402233676016,1228.373920958273,1.0684021135297705,1.2705074445544975
Tipping,750b,750,10,1.543528957884435,17.083333333333332,0.0,8.748898753626959,-1.0523279202936275,1224.6686414526803,1.0686046344762314,1.2172606285664922
Tipping,750c,750,10,1.544053149468774,16.966666666666665,-0.5,8.742451438042956,-1.0456306047096202,1227.9532458846177,1.069946957950265,1.2814488729581797
Balanced,750a,750,10,1.510550817623158,16.858333333333334,-0.25,8.472643234110112,-0.8179404563323335,2039.35286151518,1.7744349480697572,2.0544803680816415
Balanced,750b,750,10,1.5063460808271367,16.716666666666665,-0.25,8.467122958696127,-0.8110632364739022,2061.417699082037,1.8009304197399512,1.9943128379904853
Balanced,750c,750,10,1.5075453631712112,16.783333333333335,-0.25,8.465407645679708,-0.812675701235263,2043.6160688947132,1.7874516972234185,1.975270799857066
Price-Maximalist,750a,750,10,1.5657861889936604,15.625,-3.75,8.039448601414808,-0.49185276808147277,3661.44733598532,2.778783575158809,3.234737352473963
Price-Maximalist,750b,750,10,1.5460589373157445,15.525,-4.0,8.013111735653617,-0.4658784023202815,4184.301094335147,2.858875612655511,3.4963143447839315
Price-Maximalist,750c,750,10,1.5674521920126026,15.65,-3.0,8.04278501570228,-0.4916489045911698,3676.2931066634033,2.7835218139711095,3.3771278170603676
Social-Maximalist,750a,750,10,1.536937108242198,17.058333333333334,-0.75,8.653670962978456,-0.9698876296451232,1697.8786921701462,1.492368123765186,1.6616620126700747
Social-Maximalist,750b,750,10,1.534572441263891,16.9,-0.5,8.644805808529622,-0.9631071974185118,1704.0112833141923,1.4955029688244053,1.8715749185850727
Social-Maximalist,750c,750,10,1.5342132027148976,17.058333333333334,-0.75,8.644604252375537,-0.9631473079310932,1704.2354690072746,1.5027691112563,1.6284004723700751
Habitual,1000a,1000,1,1.5406332090283923,17.208333333333332,-0.75,8.71443011501335,-1.045500948346682,1534.931633453762,1.0454736232201347,1.0802996149915498
Habitual,1000b,1000,1,1.5414061471485536,17.216666666666665,-0.75,8.711848274508299,-1.0422510522860764,1560.5187691685576,1.0199439350014612,1.0878226193999174
Habitual,1000c,1000,1,1.541850147247538,17.225,-1.25,8.713872051212023,-1.0450303845453572,1536.160101120932,1.0474492804478572,1.0763830070566822
Progressive,1000a,1000,1,1.5065636199265262,16.666666666666668,-1.5,8.389429371444129,-0.7725168714441292,2995.96702372866,1.8486945055563597,1.9027494304700552
Progressive,1000b,1000,1,1.5087635550859664,16.666666666666668,-1.25,8.39155703788872,-0.7737695378887214,2994.8248992771637,1.8512305420301718,1.9428463908553304
Progressive,1000c,1000,1,1.5056960575421379,16.658333333333335,-1.25,8.390312206037574,-0.77214276159313,3040.655287182328,1.771407336611766,1.8736063889330503
Tipping,1000a,1000,1,1.5413206652207614,17.158333333333335,-0.75,8.716640883766418,-1.046090883766417,1678.953200875893,1.0942689232709435,1.1025755157480255
Tipping,1000b,1000,1,1.534486744219531,17.116666666666667,-0.5,8.711625337282056,-1.0432003372820575,1670.366342853585,1.089510561115856,1.0750813714204315
Tipping,1000c,1000,1,1.5411374066760464,17.125,-1.25,8.71389342345349,-1.0452962012312679,1680.0671862077338,1.0952087086039604,1.0874351129353013
Balanced,1000a,1000,1,1.5107906257501267,16.733333333333334,-1.0,8.439341604990009,-0.8160166049900092,2918.541126520577,1.6941393631176267,1.8436911824417754
Balanced,1000b,1000,1,1.5116049464816461,16.841666666666665,-1.5,8.441116786805,-0.8143237312494456,2868.5616824197555,1.7515466707529004,1.8944676152521744
Balanced,1000c,1000,1,1.5107464575017577,16.75,-1.0,8.438194168168199,-0.8129455570570892,2875.3538461260473,1.7628561031274648,1.789232040748634
Price-Maximalist,1000a,1000,1,1.5689243316293628,15.633333333333333,-3.25,8.02376127569605,-0.494044609029382,5008.005965933291,2.637400100514457,3.0383992066277896
Price-Maximalist,1000b,1000,1,1.5681294453486592,15.608333333333333,-3.0,8.017580965965632,-0.4860420770767414,4921.265186181365,2.7692315233372238,3.1021843063477648
Price-Maximalist,1000c,1000,1,1.5643591227025049,15.583333333333334,-3.75,8.016216361601128,-0.4857455282677931,4969.588212349276,2.62462195946906,3.0458481715233647
Social-Maximalist,1000a,1000,1,1.5347795848130346,17.008333333333333,-1.0,8.61736617046884,-0.9635467260243948,2300.783893556108,1.4721909018661359,1.588172496813899
Social-Maximalist,1000b,1000,1,1.5318324185785301,17.0,-1.0,8.615653305832875,-0.9629505280550988,2305.7019111651325,1.4749529927666714,1.705525316120898
Social-Maximalist,1000c,1000,1,1.5315345130793392,17.0,-1.0,8.616292181422724,-0.9612657925338332,2303.2537900926127,1.4629390414197088,1.647513375448292
Habitual,1000a,1000,2,1.54513115367383,17.141666666666666,-0.75,8.71626560436075,-1.0602572710274158,1456.1165966838255,1.0013746408523743,1.2950524655447704
Habitual,1000b,1000,2,1.5461543677422676,17.183333333333334,-0.75,8.719947988857593,-1.0629396555242598,1470.820004751749,1.0106009138975292,1.1873080722808609
Habitual,1000c,1000,2,1.5420588475086048,17.225,-0.75,8.717242920366747,-1.0605929203667481,1466.3879698727787,1.0051571613055723,1.2804394801345793
Progressive,1000a,1000,2,1.5045890029418478,16.658333333333335,-1.0,8.389959715162226,-0.7880222151622253,2824.373031440593,1.7480923925104364,2.1189904700906554
Progressive,1000b,1000,2,1.510621579214427,16.516666666666666,-0.75,8.399028719917371,-0.7970356643618163,2857.446248740212,1.7856820200123702,2.3281489797040784
Progressive,1000c,1000,2,1.4999772815905914,16.608333333333334,-0.5,8.385340122759978,-0.7816984560933112,2842.1285301381563,1.7544251687396406,2.2711523163461895
Tipping,1000a,1000,2,1.5459431233462757,17.075,-0.5,8.718625755481591,-1.065934088814924,1622.916073764626,1.0451760345003036,1.2193673921938268
Tipping,1000b,1000,2,1.5458275480784853,17.075,-0.5,8.716515103899203,-1.0620359372325356,1635.074111587737,1.048878346844699,1.355590926804827
Tipping,1000c,1000,2,1.5447606923762653,17.166666666666668,0.0,8.717905069919807,-1.0653022921420299,1650.0043953859195,1.0216850435289806,1.312612524635513
Balanced,1000a,1000,2,1.5210578112828683,16.783333333333335,-1.0,8.45297392117272,-0.8445628100616083,2768.3679684759886,1.734505382824809,2.10418897991776
Balanced,1000b,1000,2,1.5209275198745915,16.766666666666666,-1.25,8.454608067034457,-0.8467191781455684,2776.8155223604126,1.7289633074606505,2.1434574865349543
Balanced,1000c,1000,2,1.5241326222481189,16.683333333333334,-1.5,8.448068398739958,-0.8380406209621802,2775.174695700745,1.7148615890760757,2.1495465057956626
Price-Maximalist,1000a,1000,2,1.583416921497082,15.675,-3.25,8.034507160382578,-0.5206307714936885,4941.114562312125,2.818007345453594,3.3207965470223475
Price-Maximalist,1000b,1000,2,1.588380355331765,15.75,-3.25,8.041117055539335,-0.5316378888726675,5005.561459259328,2.6785997485936632,3.075597933010663
Price-Maximalist,1000c,1000,2,1.5850759414850566,15.708333333333334,-3.25,8.043404843031434,-0.5269576208092112,5039.279991873688,2.6820307000579633,3.203759808389055
Social-Maximalist,1000a,1000,2,1.5396946703126098,17.116666666666667,-1.0,8.625714014872246,-0.984919570427802,2369.289823075198,1.456918139027199,1.7371819572977527
Social-Maximalist,1000b,1000,2,1.538372896739229,16.966666666666665,-1.25,8.61798095947241,-0.9806781816946323,2378.1744809394468,1.4631770377510025,1.729247457654683
Social-Maximalist,1000c,1000,2,1.5421050639974205,16.941666666666666,-1.0,8.619854006060914,-0.9806331727275808,2345.0711240324104,1.4876132405470561,1.7509156145486315
Habitual,1000a,1000,3,1.5307633645136154,17.158333333333335,-1.25,8.715369481135108,-1.0431889255795537,1479.189747617044,1.015120101951829,1.2464000993506779
Habitual,1000b,1000,3,1.5312828890095713,17.15,-1.25,8.71338116728495,-1.0394561672849498,1482.6790700574145,1.0179848362899084,1.1901990203457748
Habitual,1000c,1000,3,1.52722238703224,17.258333333333333,-1.25,8.714614030953623,-1.041476530953625,1481.8310299871862,1.0116287996641038,1.1701587771077309
Progressive,1000a,1000,3,1.4836954361386085,16.466666666666665,-3.5,8.399595397847383,-0.7768648422918274,2969.508641384749,1.7445149368322763,1.9744532526680043
Progressive,1000b,1000,3,1.485347977819068,16.625,-2.5,8.402787945896751,-0.7775851681189734,2926.18378258623,1.8195037054798744,2.1399318009214565
Progressive,1000c,1000,3,1.4798903686637424,16.616666666666667,-2.5,8.394488328513102,-0.7696341618464353,2918.2518773560587,1.810209955622127,2.1719288557229075
Tipping,1000a,1000,3,1.53228087706367,17.258333333333333,-0.75,8.71368940319255,-1.0404880143036603,1640.8762532635883,1.0469335688046033,1.2860662748770748
Tipping,1000b,1000,3,1.5350039907883655,17.183333333333334,-0.75,8.712084153277003,-1.0408022088325588,1642.1639962721283,1.0520036693201638,1.2253081148302916
Tipping,1000c,1000,3,1.5289033862176147,17.25,-0.75,8.712430692160037,-1.0393501366044806,1642.5438924601694,1.0479412568967037,1.2685980870813207
Balanced,1000a,1000,3,1.4958750548974717,16.683333333333334,-1.25,8.44442720011073,-0.810296644555176,2821.785188521892,1.7242940740770638,1.8336950409124246
Balanced,1000b,1000,3,1.492975168707761,16.783333333333335,-2.0,8.440123842292193,-0.806875231181084,2799.2922545360707,1.715672086676473,2.042809428651658
Balanced,1000c,1000,3,1.4960378562040262,16.85,-1.25,8.436137494248365,-0.8006624942483648,2768.640720602762,1.7793490427530874,1.9880836858347997
Price-Maximalist,1000a,1000,3,1.5667411811232632,15.591666666666667,-4.5,8.032826374767714,-0.5063569303232706,4984.030773172506,2.6918898563944214,3.078044118237727
Price-Maximalist,1000b,1000,3,1.5647788444029849,15.591666666666667,-4.5,8.033765524911386,-0.4983808026891641,4922.352075648629,2.7927185025474186,3.192694156602371
Price-Maximalist,1000c,1000,3,1.5603485723808987,15.558333333333334,-4.5,8.032925193170986,-0.5004543598376526,4898.998771560859,2.7802295094641276,3.133444456206766
Social-Maximalist,1000a,1000,3,1.5299994963161534,17.075,-1.0,8.637009155061305,-0.9767188772835288,2290.8368345449544,1.4734355110822015,1.6549088576763369
Social-Maximalist,1000b,1000,3,1.531465780468804,17.05,-1.0,8.636634623446998,-0.9778360123358869,2288.9637449796674,1.4751633125483028,1.5753088188305948
Social-Maximalist,1000c,1000,3,1.5312517047931944,17.033333333333335,-1.0,8.628056864385053,-0.9661638088294985,2315.0869904525334,1.4742145657045334,1.8279212619583152
Habitual,1000a,1000,4,1.528399335456635,17.283333333333335,-0.5,8.71927232522,-1.041772325220001,1563.0075490557538,1.0814922106917806,1.1517254035167412
Habitual,1000b,1000,4,1.5154492929670809,17.191666666666666,-1.5,8.710528419031109,-1.0337964745866655,1558.0746702080473,1.0782364048647215,1.1692450113468313
Habitual,1000c,1000,4,1.5239708834049603,17.366666666666667,-0.75,8.712722426911405,-1.0369640935780728,1559.6702184542705,1.0767488762854227,1.0909392758217034
Progressive,1000a,1000,4,1.4882708065984758,16.466666666666665,-2.5,8.382096770919812,-0.76043704869759,2911.731643816021,1.8298684488294439,1.9151531341356054
Progressive,1000b,1000,4,1.4903162206209568,16.533333333333335,-1.5,8.389879441155266,-0.7663419411552661,2911.0198494503297,1.8282452747762485,2.006982439981841
Progressive,1000c,1000,4,1.4914098689614894,16.483333333333334,-2.5,8.392857774568274,-0.7680105523460513,2901.3745759940234,1.8163822014321809,1.8940782393364195
Tipping,1000a,1000,4,1.5221757967531815,17.208333333333332,-1.25,8.705032348401248,-1.0293629039568017,1724.8769626881694,1.112016930586025,1.147823775860755
Tipping,1000b,1000,4,1.52178440875008,17.308333333333334,-1.25,8.705245859589706,-1.0288028040341508,1733.3326473128288,1.1167350540162586,1.1206780669393437
Tipping,1000c,1000,4,1.5212737451841103,17.225,-1.25,8.701136022554172,-1.0243943558875048,1730.5565001417358,1.113227591558518,1.084885864301672
Balanced,1000a,1000,4,1.499025455019968,16.641666666666666,-1.0,8.43751713853759,-0.8069643607598115,2904.1645334135537,1.7842984892315572,1.8794288066995817
Balanced,1000b,1000,4,1.5058888324272621,16.608333333333334,-2.0,8.443033548632542,-0.8109488264103205,2905.001525157543,1.7901586599882364,1.9482837631882923
Balanced,1000c,1000,4,1.5028291469445854,16.591666666666665,-1.25,8.43578783870926,-0.8036281164870382,2902.560055154447,1.7740961930948533,2.0328283438395043
Price-Maximalist,1000a,1000,4,1.5596747489048213,15.675,-5.5,8.030807127291588,-0.4916946272915891,4965.927333882556,2.6409678415032007,3.0920331517757456
Price-Maximalist,1000b,1000,4,1.5599307489806065,15.666666666666666,-4.75,8.030959029754786,-0.4904326408658986,4979.847251338298,2.6529707292858755,2.982608281471094
Price-Maximalist,1000c,1000,4,1.5581375811932867,15.666666666666666,-5.5,8.02845624368711,-0.48988402146488913,4973.030818062442,2.641799199603271,3.0547224674841735
Social-Maximalist,1000a,1000,4,1.5290529325912032,17.083333333333332,-0.75,8.6303773090682,-0.9620092535126432,2310.1306907835306,1.4795491698455547,1.5895181806835494
Social-Maximalist,1000b,1000,4,1.530032749130952,17.016666666666666,-0.75,8.632097377181326,-0.9630348771813246,2327.3383901853845,1.489090986587468,1.6254704750782314
Social-Maximalist,1000c,1000,4,1.5290942728229886,17.141666666666666,-1.0,8.628443967620033,-0.9620189676200329,2318.0637900584134,1.4833337456084883,1.580644935316975
Habitual,1000a,1000,5,1.5299367122831578,17.15,-1.25,8.76621758976905,-1.040578700880162,1560.5341266809082,1.075313005184429,1.1876840125523116
Habitual,1000b,1000,5,1.5323747863203725,17.166666666666668,-1.25,8.767574552735475,-1.043481497179919,1560.3728237464882,1.0740989456794496,1.1173353493787213
Habitual,1000c,1000,5,1.5296942525966155,17.108333333333334,-1.25,8.769673062579795,-1.0423730625797953,1560.8135094000259,1.078495573841722,1.241541099482839
Progressive,1000a,1000,5,1.5067955337219558,16.5,-2.5,8.460380710112766,-0.7830959878905426,2890.1421136268386,1.7776998790891478,1.9937859257799262
Progressive,1000b,1000,5,1.50315985053529,16.491666666666667,-3.25,8.459739358430957,-0.7830088028754011,2984.8044492092204,1.7442652686191318,1.9201230985673243
Progressive,1000c,1000,5,1.5006904904229863,16.666666666666668,-3.25,8.465415568555759,-0.7886225130002026,2926.6056230065246,1.8164385369527245,2.056151758382565
Tipping,1000a,1000,5,1.529627141394133,17.15,-0.75,8.77131665422342,-1.0441138764456446,1661.8700276332793,1.0958202280857454,1.12017385208246
Tipping,1000b,1000,5,1.5300361418866553,17.1,-1.0,8.779023278306603,-1.0516218894177147,1668.8483961043426,1.0603587142839466,1.0822614478587234
Tipping,1000c,1000,5,1.5243125584666268,17.116666666666667,-1.0,8.766328488744248,-1.0414923776331377,1657.6673069305696,1.0944387388199794,1.0556671780132665
Balanced,1000a,1000,5,1.5120294334299387,16.841666666666665,-1.5,8.511935891736165,-0.826908113958386,2798.6890796391804,1.7482792813923274,1.9660773934375406
Balanced,1000b,1000,5,1.5122336064983513,16.775,-1.75,8.514590142920639,-0.8281734762539705,2801.5427101889104,1.7383474807695543,1.949427129296592
Balanced,1000c,1000,5,1.514944342244585,16.783333333333335,-1.5,8.507900682173416,-0.8213826266178603,2805.312290192077,1.735931426664466,2.0270040635349655
Price-Maximalist,1000a,1000,5,1.5557253579158916,15.658333333333333,-4.0,8.076360087046018,-0.4904323092682414,4976.917651370726,2.6372178404379154,2.852013504374371
Price-Maximalist,1000b,1000,5,1.5495601610216572,15.658333333333333,-3.0,8.078655179094769,-0.4958704568725448,4991.085704053491,2.6582509667531435,2.8632260099550093
Price-Maximalist,1000c,1000,5,1.555911166325572,15.691666666666666,-3.0,8.082535002866505,-0.4964600028665063,4963.3339963994185,2.6301433187541097,2.8766219200644763
Social-Maximalist,1000a,1000,5,1.5183733254096718,17.041666666666668,-1.25,8.670164873835006,-0.9564926516127836,2238.8796927966278,1.5262424798571772,1.5884892541758697
Social-Maximalist,1000b,1000,5,1.5266203949564903,17.0,-1.25,8.666195962458282,-0.9556695735693935,2275.2197333896165,1.4937907184013717,1.5034592103049569
Social-Maximalist,1000c,1000,5,1.524619094734273,16.991666666666667,-1.25,8.66645041885689,-0.9511101410791124,2247.352229061508,1.527677544102145,1.7250359419860373
Habitual,1000a,1000,6,1.5329225469593506,17.241666666666667,-1.0,8.738891500094619,-1.0493887223168408,1457.1843571983877,1.0226245008129724,1.1175693519245513
Habitual,1000b,1000,6,1.5330449531272072,17.133333333333333,-1.25,8.745114001880095,-1.0539542796578716,1458.479825922116,1.0194753085966974,1.170497886029268
Habitual,1000c,1000,6,1.5360301617724124,17.183333333333334,-1.25,8.744771080650377,-1.054790525094821,1458.5266825153071,1.018935870265686,1.1860680475354615
Progressive,1000a,1000,6,1.4990633107634928,16.7,-1.75,8.42367170905638,-0.7793411535008243,2878.044684003025,1.8102502032631271,1.997827432372231
Progressive,1000b,1000,6,1.5018827131445547,16.708333333333332,-1.5,8.427143492039848,-0.7842948809287367,2852.985365941205,1.784629737850164,2.027933441886121
Progressive,1000c,1000,6,1.4984863842431473,16.866666666666667,-1.5,8.434357794023583,-0.7921633495791384,2929.9897066236485,1.7517827890427755,1.969747967521917
Tipping,1000a,1000,6,1.5338696287429585,17.183333333333334,-1.25,8.737822675577519,-1.0469351811330732,1588.8692906735482,1.0566789761764637,1.129959817424672
Tipping,1000b,1000,6,1.5362948642496381,17.166666666666668,-1.25,8.738613485397336,-1.0477857076195571,1592.1164239452296,1.0543258294889537,1.2072391933819842
Tipping,1000c,1000,6,1.5357619201165804,17.158333333333335,-1.0,8.741137897687535,-1.0517378976875353,1591.2602956137266,1.052542992260667,1.279364529595677
Balanced,1000a,1000,6,1.5094859937619454,16.866666666666667,-1.0,8.474852480839944,-0.826448314173277,2762.627862566705,1.7314394637058907,1.9718135029262869
Balanced,1000b,1000,6,1.5118688081871225,16.625,-1.75,8.46726677769095,-0.8206459443576166,2790.191023487925,1.75541396467215,2.0374294189834434
Balanced,1000c,1000,6,1.5115164955059452,16.783333333333335,-1.0,8.46597362658931,-0.8194875154781995,2798.625478386085,1.7590424831954647,2.083398812253087
Price-Maximalist,1000a,1000,6,1.5636898534826955,15.6,-3.75,8.065052834564131,-0.5139653345641311,4879.257458886074,2.758387527515664,3.099943722191487
Price-Maximalist,1000b,1000,6,1.5726690059441566,15.691666666666666,-3.0,8.065144113476476,-0.514694113476477,4984.097061504925,2.658065562195221,3.002288934099808
Price-Maximalist,1000c,1000,6,1.5690732485197636,15.625,-3.0,8.067715703077688,-0.516392091966578,4975.547359535137,2.64880375448141,3.012347595331922
Social-Maximalist,1000a,1000,6,1.538256425985604,17.025,-1.25,8.64732282899164,-0.9727881067694196,2252.2897655446995,1.4773533313279623,1.6850997793766114
Social-Maximalist,1000b,1000,6,1.5407188868654187,16.958333333333332,-1.0,8.647623184583647,-0.972689851250313,2268.344116757165,1.4910387040705775,1.6760774833763383
Social-Maximalist,1000c,1000,6,1.538800099320641,16.983333333333334,-1.0,8.65415985625296,-0.9796584673640716,2260.236178925462,1.4919899747745518,1.6185424375888546
Habitual,1000a,1000,7,1.5380559575400354,17.058333333333334,-0.75,8.710269775215217,-1.036508664104107,1492.9958689525856,1.034227195014837,1.075192357241968
Habitual,1000b,1000,7,1.537597190728778,17.091666666666665,-0.75,8.712113049526403,-1.0390797161930698,1486.8646631343565,1.0299438705993336,1.072131356486491
Habitual,1000c,1000,7,1.5402041626432796,17.083333333333332,-0.75,8.71560282901862,-1.042347273463063,1486.3607388225926,1.0316853110274364,1.0740003043622333
Progressive,1000a,1000,7,1.499731247660553,16.45,-2.5,8.404904117686803,-0.7790096732423586,2903.1324540349656,1.809484108965004,1.9531499154121699
Progressive,1000b,1000,7,1.5020802417719088,16.633333333333333,-1.75,8.40118646351753,-0.7767684079619738,2910.828705812889,1.8145744040261647,2.0980945039949224
Progressive,1000c,1000,7,1.5034673423210636,16.65,-2.5,8.408409698989955,-0.7813319212121771,2919.2721535162104,1.829385393455716,1.9329379619519678
Tipping,1000a,1000,7,1.538089574451565,17.058333333333334,-1.0,8.714425655987032,-1.0404701004314767,1724.7266632678761,1.0747991357835758,1.1320781235452437
Tipping,1000b,1000,7,1.538875625336599,17.025,-1.0,8.723893142308533,-1.0476431423085348,1722.5175024880907,1.0773305449285833,1.1151165858827885
Tipping,1000c,1000,7,1.5352326463919406,17.083333333333332,-1.0,8.717505493976716,-1.042249938421161,1715.8230092853316,1.072591623503916,1.0605558510440618
Balanced,1000a,1000,7,1.5098192899689764,16.733333333333334,-1.75,8.446426818948323,-0.8057073745038805,2775.9529195558125,1.7882523928219562,1.9521846091551947
Balanced,1000b,1000,7,1.5072173441911485,16.766666666666666,-2.0,8.444346336026195,-0.8064310582484169,2771.5585637941454,1.7839728279531768,1.9278805544907853
Balanced,1000c,1000,7,1.5092152407537889,16.7,-2.0,8.45184333344078,-0.8132613889963357,2829.7826573465236,1.7291055851402968,1.9990905679495028
Price-Maximalist,1000a,1000,7,1.5678142612547272,15.491666666666667,-3.0,8.036591277457289,-0.49627044412395643,4907.859460661409,2.7877521186520484,3.06450655011172
Price-Maximalist,1000b,1000,7,1.5652258496097557,15.591666666666667,-3.25,8.034861219624064,-0.49662649740184317,4932.146004932922,2.818678998781673,3.0796799909006376
Price-Maximalist,1000c,1000,7,1.5646184358801063,15.483333333333333,-4.25,8.044673758066335,-0.5051070913996686,4902.062266461819,2.802606197482518,2.9585513461224773
Social-Maximalist,1000a,1000,7,1.537529790771268,17.041666666666668,-1.0,8.61426319651868,-0.9529256965186783,2346.482501338076,1.5278550886716407,1.7545052003283397
Social-Maximalist,1000b,1000,7,1.5334581195161965,16.975,-1.25,8.61419573197467,-0.9541943430857801,2348.1639730061634,1.5368785470377289,1.7433790669767966
Social-Maximalist,1000c,1000,7,1.5376087713724682,17.033333333333335,-1.0,8.616250119012399,-0.9566015079012886,2336.036769932858,1.5230646916416135,1.6249878602210113
Habitual,1000a,1000,8,1.5512959884989008,17.225,-1.0,8.698014030085549,-1.0620348634188834,1514.440177559707,1.0475375726523513,1.2292354317492666
Habitual,1000b,1000,8,1.553509348749349,17.191666666666666,-0.5,8.70439787126475,-1.0668367601536382,1510.2467911799254,1.04283955168009,1.2295972664567651
Habitual,1000c,1000,8,1.5528747286170084,17.283333333333335,-0.5,8.700303208770396,-1.0650920976592855,1507.303484284836,1.0422273454907873,1.1967364706767012
Progressive,1000a,1000,8,1.516314922616433,16.666666666666668,-1.25,8.394882428007254,-0.8090699280072529,3013.973360920588,1.7513808025363125,1.9896036478253663
Progressive,1000b,1000,8,1.5192697947137184,16.7,-2.5,8.394020513389004,-0.80943718005567,2962.9067972626117,1.8242021648376578,2.1728807991560575
Progressive,1000c,1000,8,1.5192944833654956,16.725,-2.5,8.39824823226902,-0.8134662878245766,3023.0659520924314,1.7606817448668455,2.1252876430860352
Tipping,1000a,1000,8,1.5504234061728,17.133333333333333,-1.0,8.702384112082145,-1.0660438343043674,1693.7941665902188,1.064664593684009,1.192941318288395
Tipping,1000b,1000,8,1.5493012717942511,17.333333333333332,-1.0,8.701040823132992,-1.0659658231329925,1702.7278653254987,1.0706675648288686,1.203064642943735
Tipping,1000c,1000,8,1.5449762942579781,17.225,-1.0,8.698583756299163,-1.0640629229658285,1701.5395884197808,1.0688771066792988,1.163696321059457
Balanced,1000a,1000,8,1.527371135515237,16.75,-1.25,8.435537777753762,-0.8482016666426502,2893.259801608672,1.8000732395723669,2.0061881447819623
Balanced,1000b,1000,8,1.5239549851046057,16.741666666666667,-1.0,8.431999016474391,-0.8401129053632796,2866.0511656935937,1.7662979730501824,1.9886654423883814
Balanced,1000c,1000,8,1.5261190030109466,16.85,-1.0,8.43462647602363,-0.845472309356964,2880.4187301350016,1.7872744261403617,2.132215233881324
Price-Maximalist,1000a,1000,8,1.5875001627226508,15.641666666666667,-3.5,8.01738562231714,-0.5259592334282516,5030.09304746093,2.6975008040840325,3.209732601985195
Price-Maximalist,1000b,1000,8,1.5869953690916294,15.641666666666667,-3.0,8.020284485689777,-0.5216122634675553,4971.425000872058,2.6322651258604837,2.980521081639786
Price-Maximalist,1000c,1000,8,1.5905346763648474,15.683333333333334,-3.25,8.019317861437193,-0.5221581392149708,4928.937195408559,2.7932824581342794,3.184426928709568
Social-Maximalist,1000a,1000,8,1.542393776814878,17.075,-1.0,8.60747627118518,-0.9836693267407323,2240.1886792521314,1.518213547970639,1.662695603710361
Social-Maximalist,1000b,1000,8,1.5388720660610276,17.041666666666668,-1.0,8.600629421325628,-0.9825238657700711,2271.8048874565425,1.4374698423559393,1.5434661725812315
Social-Maximalist,1000c,1000,8,1.5391113567944426,17.033333333333335,-1.0,8.611319329584598,-0.9872096073623754,2265.2629917560903,1.4736910500307026,1.790042278430004
Habitual,1000a,1000,9,1.5247283896014443,17.208333333333332,-1.25,8.693712345810336,-1.0274956791436702,1464.7273195529074,1.031068049200028,1.1668275321624935
Habitual,1000b,1000,9,1.5263320760034307,17.141666666666666,-1.5,8.6927577061585,-1.0270827061585004,1467.2628597980051,1.0291733892152461,1.2063623308424547
Habitual,1000c,1000,9,1.5251032615641045,17.225,-1.25,8.687569494630111,-1.0215667168523341,1467.5900164734362,1.0326317520629178,1.1496423648046192
Progressive,1000a,1000,9,1.4830568552857912,16.608333333333334,-2.5,8.400660209621844,-0.7792060429551767,2872.7374022115305,1.7959320576799611,1.9816538703430733
Progressive,1000b,1000,9,1.4846464306114702,16.583333333333332,-2.5,8.392091263310313,-0.7685968188658686,2814.9709956244646,1.8634814047843364,1.994673791284375
Progressive,1000c,1000,9,1.484090122473642,16.516666666666666,-2.5,8.392468969308885,-0.7681217470866627,2815.352250737924,1.858374109278081,1.9589779176251068
Tipping,1000a,1000,9,1.5233205876314981,17.283333333333335,-1.75,8.693269864670944,-1.0260934757820541,1692.1008828584957,1.077311920811998,1.1589730844131352
Tipping,1000b,1000,9,1.523519484145017,17.133333333333333,-1.25,8.703173690267612,-1.0333361902676108,1693.691936970414,1.0821112247821467,1.1768398018355652
Tipping,1000c,1000,9,1.5300668618972229,17.175,-1.25,8.702599755947746,-1.0342525337255244,1695.416569370362,1.0790278052398217,1.2261433065539755
Balanced,1000a,1000,9,1.48917609274168,16.675,-1.0,8.433565211960728,-0.8050971564051724,2873.1190021849593,1.746256708772446,1.9573663844973075
Balanced,1000b,1000,9,1.4934903652311275,16.633333333333333,-2.75,8.432310958399091,-0.8035776250657565,2821.082604395215,1.8091211696246146,1.7888020386634187
Balanced,1000c,1000,9,1.4944738037752368,16.758333333333333,-1.5,8.432980929905614,-0.8048462076833923,2879.3565039829346,1.7484343572081285,1.8761427154881873
Price-Maximalist,1000a,1000,9,1.5577679639756814,15.541666666666666,-3.75,8.016366357452618,-0.48366635745261727,4998.0525555119175,2.63416900324014,3.12899719758916
Price-Maximalist,1000b,1000,9,1.5614537034205596,15.508333333333333,-3.75,8.020782192749035,-0.4895544149712571,4899.480643057088,2.7642765208337283,3.1688862414828254
Price-Maximalist,1000c,1000,9,1.5518993701995913,15.55,-3.5,8.020960784034436,-0.4874649507011031,5000.627914692322,2.635804571794226,2.9329429528701816
Social-Maximalist,1000a,1000,9,1.518736048961386,17.0,-1.0,8.604968847928676,-0.9500688479286749,2341.303166891164,1.502699512994314,1.7963172382546209
Social-Maximalist,1000b,1000,9,1.519060391753592,16.916666666666668,-1.0,8.598802707838342,-0.943240207838342,2354.1094146597675,1.5066599634319764,1.535332442889393
Social-Maximalist,1000c,1000,9,1.520325781370469,16.983333333333334,-1.25,8.601344315962177,-0.9479012604066214,2331.5270936921565,1.4919318170265266,1.7047418791156796
Habitual,1000a,1000,10,1.5269377063914817,17.1,-0.25,8.745538400400813,-1.0496342337341469,1481.6980441149585,1.0387420387551782,1.2785320294902864
Habitual,1000b,1000,10,1.5293578591209613,17.0,-0.25,8.754610750702811,-1.0575510284805896,1481.7989021899402,1.0386470700744819,1.162283301579185
Habitual,1000c,1000,10,1.531745077949339,17.066666666666666,-0.25,8.749552453544165,-1.0537760646552752,1486.2625573348655,1.0441463219587162,1.137317635085657
Progressive,1000a,1000,10,1.4987874416379883,16.666666666666668,-1.25,8.43148502673034,-0.7866516933970076,2851.967079191948,1.7900943695842613,2.1144145263402057
Progressive,1000b,1000,10,1.4967909747459887,16.575,-2.25,8.437364552132799,-0.7912631632439097,2850.8048704130547,1.7911233795125154,2.0958216113557997
Progressive,1000c,1000,10,1.4971108912200066,16.458333333333332,-2.25,8.434938970221987,-0.7919723035553193,2844.370239308625,1.7840314639105768,2.0652292883060395
Tipping,1000a,1000,10,1.5310007824555292,17.216666666666665,-0.5,8.753581060092642,-1.0537935600926411,1643.6935608287824,1.0664768290199869,1.2319635136250673
Tipping,1000b,1000,10,1.5304471330480807,17.183333333333334,-0.5,8.75400804691562,-1.0550663802489542,1636.6006411067185,1.0656109652397678,1.0665791580265052
Tipping,1000c,1000,10,1.536184849646827,17.175,-0.5,8.75528160377504,-1.0563232704417058,1638.045684213205,1.0645626348667676,1.1560129192454212
Balanced,1000a,1000,10,1.507767600351121,16.783333333333335,-1.5,8.473856182595332,-0.8175353492619973,2731.6460252223737,1.7960192403458615,2.0467708439729497
Balanced,1000b,1000,10,1.506622750366051,16.591666666666665,-1.5,8.470146420809183,-0.8154366985869613,2776.5873411246043,1.7294407001013996,2.0731677198898932
Balanced,1000c,1000,10,1.5085303529593908,16.75,-0.25,8.475810186944532,-0.8186268536111997,2732.9408889152905,1.8051323827127228,2.0216710586727693
Price-Maximalist,1000a,1000,10,1.572156347986895,15.633333333333333,-4.75,8.053011548267875,-0.5024004371567635,4984.540918583953,2.6575793405252686,3.1232238841946263
Price-Maximalist,1000b,1000,10,1.5699539267128033,15.591666666666667,-4.75,8.055606726475514,-0.505720615364402,4896.873495447372,2.795544926825826,3.3810157994496137
Price-Maximalist,1000c,1000,10,1.5707046323008533,15.666666666666666,-4.75,8.058471651866476,-0.5060674851998108,4888.99112648652,2.788843177429416,3.3775004571130234
Social-Maximalist,1000a,1000,10,1.532767359412569,16.991666666666667,-1.0,8.660974659857157,-0.9758246598571583,2233.5410234471087,1.4786029050847396,1.678603285557759
Social-Maximalist,1000b,1000,10,1.5364294850355116,17.1,-1.0,8.663771668178317,-0.9775758348449838,2229.344604508837,1.4737696166222354,1.789843596655678
Social-Maximalist,1000c,1000,10,1.532782077897259,17.041666666666668,-1.0,8.660782655887694,-0.9762257114432493,2225.810309892434,1.4691388355850874,1.7281081880506204
